{"collections":[{"fullName":"KaVE.Commons.TestUtils.Model.Events.CompletionEvent.CompletionEventTestFactory","methods":[{"name":"KaVE.Commons.TestUtils.Model.Events.CompletionEvent.CompletionEventTestFactory.CreateAnonymousProposal()","type":"SIMPLE","count":6},{"name":"KaVE.Commons.TestUtils.Model.Events.CompletionEvent.CompletionEventTestFactory.CreatePredictableProposal()","type":"SIMPLE","count":2},{"name":"KaVE.Commons.TestUtils.Model.Events.CompletionEvent.CompletionEventTestFactory.CreatePredictableProposals(System.UInt32 numberOfProposals)","type":"SIMPLE","count":2},{"name":"KaVE.Commons.TestUtils.Model.Events.CompletionEvent.CompletionEventTestFactory.NextCounter()","type":"SIMPLE","count":2},{"name":"KaVE.Commons.TestUtils.Model.Events.CompletionEvent.CompletionEventTestFactory.GetAnonymousMethodHierarchy()","type":"SIMPLE","count":2},{"name":"KaVE.Commons.TestUtils.Model.Events.CompletionEvent.CompletionEventTestFactory.Reset()","type":"SIMPLE","count":2}]}]}