{"collections":[{"fullName":"KaVE.Commons.TestUtils.Model.Events.TestEventFactory","methods":[{"name":"KaVE.Commons.TestUtils.Model.Events.TestEventFactory.SomeEvent(System.Nullable`1[[T -\u003e s:System.DateTime, mscorlib, 4.0.0.0]] triggeredAt)","type":"SIMPLE","count":160},{"name":"KaVE.Commons.TestUtils.Model.Events.TestEventFactory.Some(System.Nullable`1[[T -\u003e s:System.DateTime, mscorlib, 4.0.0.0]] triggeredAt)","type":"SIMPLE","count":24},{"name":"KaVE.Commons.TestUtils.Model.Events.TestEventFactory.SomeEvents(System.Int32 num)","type":"SIMPLE","count":32}]}]}