{"collections":[{"fullName":"KaVE.Commons.TestUtils.Model.Names.TestNameFactory","methods":[{"name":"KaVE.Commons.TestUtils.Model.Names.TestNameFactory.GetAnonymousTypeName()","type":"SIMPLE","count":6},{"name":"KaVE.Commons.TestUtils.Model.Names.TestNameFactory.NextCounter()","type":"SIMPLE","count":8},{"name":"KaVE.Commons.TestUtils.Model.Names.TestNameFactory.GetAnonymousMethodName()","type":"SIMPLE","count":4},{"name":"KaVE.Commons.TestUtils.Model.Names.TestNameFactory.Reset()","type":"SIMPLE","count":2}]}]}