{"collections":[{"fullName":"KaVE.Commons.TestUtils.UserControls.UserControlAssert","methods":[{"name":"KaVE.Commons.TestUtils.UserControls.UserControlAssert.IsNotChecked(System.Windows.Controls.CheckBox checkBox)","type":"SIMPLE","count":34},{"name":"KaVE.Commons.TestUtils.UserControls.UserControlAssert.IsChecked(System.Windows.Controls.CheckBox checkBox)","type":"SIMPLE","count":16},{"name":"KaVE.Commons.TestUtils.UserControls.UserControlAssert.IsNotVisible(System.Windows.UIElement element, System.Windows.Visibility expectedvisibility)","type":"SIMPLE","count":4},{"name":"KaVE.Commons.TestUtils.UserControls.UserControlAssert.IsVisible(System.Windows.UIElement element)","type":"SIMPLE","count":4},{"name":"KaVE.Commons.TestUtils.UserControls.UserControlAssert.IsDisabled(System.Windows.UIElement element)","type":"SIMPLE","count":2}]}]}