{"collections":[{"fullName":"KaVE.Commons.TestUtils.UserControls.UserControlTestUtils","methods":[{"name":"KaVE.Commons.TestUtils.UserControls.UserControlTestUtils.Toggle(System.Windows.Controls.CheckBox checkBox)","type":"SIMPLE","count":12},{"name":"KaVE.Commons.TestUtils.UserControls.UserControlTestUtils.Click(System.Windows.Controls.Primitives.ButtonBase button)","type":"SIMPLE","count":32},{"name":"KaVE.Commons.TestUtils.UserControls.UserControlTestUtils.Click(System.Windows.Documents.Hyperlink hyperlink)","type":"SIMPLE","count":2}]}]}