{"collections":[{"fullName":"KaVE.FeedbackProcessor.Activities.SlidingWindow.ActivityWindowProcessor","methods":[{"name":"KaVE.FeedbackProcessor.Activities.SlidingWindow.ActivityWindowProcessor.ActivityStreams","type":"PROP","count":18},{"name":"KaVE.FeedbackProcessor.Activities.SlidingWindow.ActivityWindowProcessor.EnsureInitialized(KaVE.FeedbackProcessor.Activities.Model.ActivityEvent event)","type":"SIMPLE","count":2},{"name":"KaVE.FeedbackProcessor.Activities.SlidingWindow.ActivityWindowProcessor.FirstQueuedEventStartsBefore(KaVE.FeedbackProcessor.Activities.Model.ActivityEvent event)","type":"SIMPLE","count":2},{"name":"KaVE.FeedbackProcessor.Activities.SlidingWindow.ActivityWindowProcessor.ProcessActivities(KaVE.FeedbackProcessor.Activities.Model.ActivityEvent event)","type":"SIMPLE","count":4},{"name":"KaVE.FeedbackProcessor.Activities.SlidingWindow.ActivityWindowProcessor.ProceedToNextWindow(KaVE.FeedbackProcessor.Activities.Model.ActivityEvent event)","type":"SIMPLE","count":2},{"name":"KaVE.FeedbackProcessor.Activities.SlidingWindow.ActivityWindowProcessor.CreateWindowStartingAt(KaVE.FeedbackProcessor.Activities.Model.ActivityEvent event)","type":"SIMPLE","count":4},{"name":"KaVE.FeedbackProcessor.Activities.SlidingWindow.ActivityWindowProcessor.IsEmptyWindowRequired(KaVE.FeedbackProcessor.Activities.Model.ActivityEvent event)","type":"SIMPLE","count":2},{"name":"KaVE.FeedbackProcessor.Activities.SlidingWindow.ActivityWindowProcessor.AppendMergedWindowToStream()","type":"SIMPLE","count":4},{"name":"KaVE.FeedbackProcessor.Activities.SlidingWindow.ActivityWindowProcessor.CreateFollowingWindow()","type":"SIMPLE","count":2},{"name":"KaVE.FeedbackProcessor.Activities.SlidingWindow.ActivityWindowProcessor(KaVE.FeedbackProcessor.Activities.SlidingWindow.IActivityMergeStrategy strategy, System.TimeSpan windowSpan)","type":"CTOR","count":6},{"name":"KaVE.FeedbackProcessor.Activities.SlidingWindow.ActivityWindowProcessor.ActivityStreamsToCsv(System.TimeSpan shortInactivityLimit, System.TimeSpan longInactivityThreshold)","type":"SIMPLE","count":2},{"name":"KaVE.FeedbackProcessor.Activities.SlidingWindow.ActivityWindowProcessor.DeveloperDayStatisticToCsv(System.TimeSpan shortInactivityLimit, System.TimeSpan longInactivityThreshold)","type":"SIMPLE","count":2},{"name":"KaVE.FeedbackProcessor.Activities.SlidingWindow.ActivityWindowProcessor.InactivityStatisticToCsv(System.TimeSpan shortInactivityLimit, System.TimeSpan[] longInactivityThresholds)","type":"SIMPLE","count":4},{"name":"KaVE.FeedbackProcessor.Activities.SlidingWindow.ActivityWindowProcessor.OnStreamStarts(KaVE.FeedbackProcessor.Model.Developer developer)","type":"SIMPLE","count":32},{"name":"KaVE.FeedbackProcessor.Activities.SlidingWindow.ActivityWindowProcessor.OnStreamEnds()","type":"SIMPLE","count":22}]}]}