{"collections":[{"fullName":"KaVE.FeedbackProcessor.Activities.SlidingWindow.ActivityStream","methods":[{"name":"KaVE.FeedbackProcessor.Activities.SlidingWindow.ActivityStream.Add(KaVE.FeedbackProcessor.Activities.Model.Activity activity)","type":"SIMPLE","count":8},{"name":"KaVE.FeedbackProcessor.Activities.SlidingWindow.ActivityStream.ApplyInactivityHeuristics(KaVE.FeedbackProcessor.Activities.SlidingWindow.ActivityStreamStatistic statistic, System.TimeSpan shortInactivityLimit, System.TimeSpan longInactivityThreshold, System.TimeSpan inactivityDuration, KaVE.FeedbackProcessor.Activities.Model.Activity previousActivity, KaVE.FeedbackProcessor.Activities.Model.Activity followingActivity)","type":"SIMPLE","count":2},{"name":"KaVE.FeedbackProcessor.Activities.SlidingWindow.ActivityStream.IsLeaveOrEnter(KaVE.FeedbackProcessor.Activities.Model.Activity activity)","type":"SIMPLE","count":2},{"name":"KaVE.FeedbackProcessor.Activities.SlidingWindow.ActivityStream.Add(System.Collections.Generic.IDictionary`2[[TKey -\u003e e:KaVE.FeedbackProcessor.Activities.Model.Activity, KaVE.FeedbackProcessor],[TValue -\u003e s:System.TimeSpan, mscorlib, 4.0.0.0]] statistic, KaVE.FeedbackProcessor.Activities.Model.Activity activity, System.TimeSpan windowSpan)","type":"SIMPLE","count":12},{"name":"KaVE.FeedbackProcessor.Activities.SlidingWindow.ActivityStream.WasShortInactivity(System.TimeSpan inactivityDuration, System.TimeSpan shortInactivityLimit)","type":"SIMPLE","count":2},{"name":"KaVE.FeedbackProcessor.Activities.SlidingWindow.ActivityStream.WasLongInactivity(KaVE.FeedbackProcessor.Activities.Model.Activity activity, System.TimeSpan inactivityDuration, System.TimeSpan longInactivityThreshold)","type":"SIMPLE","count":2},{"name":"KaVE.FeedbackProcessor.Activities.SlidingWindow.ActivityStream.GetEnumerator()","type":"SIMPLE","count":2},{"name":"KaVE.FeedbackProcessor.Activities.SlidingWindow.ActivityStream(System.TimeSpan windowSpan)","type":"CTOR","count":6},{"name":"KaVE.FeedbackProcessor.Activities.SlidingWindow.ActivityStream.Evaluate(System.TimeSpan shortInactivityLimit, System.TimeSpan longInactivityThreshold)","type":"SIMPLE","count":18},{"name":"KaVE.FeedbackProcessor.Activities.SlidingWindow.ActivityStream.AddAll(System.Collections.Generic.IEnumerable`1[[T -\u003e e:KaVE.FeedbackProcessor.Activities.Model.Activity, KaVE.FeedbackProcessor]] activities)","type":"SIMPLE","count":2}]}]}