{"collections":[{"fullName":"KaVE.FeedbackProcessor.Intervals.Transformers.AggregateTransformer","methods":[{"name":"KaVE.FeedbackProcessor.Intervals.Transformers.AggregateTransformer(KaVE.FeedbackProcessor.Intervals.Transformers.IEventToIntervalTransformer`1[[TIntervalType -\u003e KaVE.FeedbackProcessor.Intervals.Model.Interval, KaVE.FeedbackProcessor]][] transformers)","type":"CTOR","count":8},{"name":"KaVE.FeedbackProcessor.Intervals.Transformers.AggregateTransformer.ProcessEvent(KaVE.Commons.Model.Events.IDEEvent event)","type":"SIMPLE","count":2},{"name":"KaVE.FeedbackProcessor.Intervals.Transformers.AggregateTransformer.SignalEndOfEventStream()","type":"SIMPLE","count":2}]}]}