{"collections":[{"fullName":"KaVE.FeedbackProcessor.Statistics.AnonymizationStatisticsLogger","methods":[{"name":"KaVE.FeedbackProcessor.Statistics.AnonymizationStatisticsLogger.EventsCollection","type":"PROP","count":8},{"name":"KaVE.FeedbackProcessor.Statistics.AnonymizationStatisticsLogger.GetDevelopersForSessionIds(System.Collections.Generic.IEnumerable`1[[T -\u003e p:string]] sessionIds)","type":"SIMPLE","count":2},{"name":"KaVE.FeedbackProcessor.Statistics.AnonymizationStatisticsLogger(KaVE.FeedbackProcessor.Database.IFeedbackDatabase database, KaVE.Commons.Utils.Exceptions.ILogger logger)","type":"CTOR","count":2},{"name":"KaVE.FeedbackProcessor.Statistics.AnonymizationStatisticsLogger.LogNumberOfEventsWithoutSessionId()","type":"SIMPLE","count":2},{"name":"KaVE.FeedbackProcessor.Statistics.AnonymizationStatisticsLogger.LogNumberOfEventsWithoutTriggerTime()","type":"SIMPLE","count":2},{"name":"KaVE.FeedbackProcessor.Statistics.AnonymizationStatisticsLogger.LogNumberOfEventsWithoutDuration()","type":"SIMPLE","count":2},{"name":"KaVE.FeedbackProcessor.Statistics.AnonymizationStatisticsLogger.LogNumberOfSessionsWithAnonymizedNames()","type":"SIMPLE","count":2}]}]}