{"collections":[{"fullName":"KaVE.FeedbackProcessor.Statistics.AverageBreakAfterEventsCalculator","methods":[{"name":"KaVE.FeedbackProcessor.Statistics.AverageBreakAfterEventsCalculator.GetAverageTime(System.Collections.Generic.IEnumerable`1[[T -\u003e s:System.TimeSpan, mscorlib, 4.0.0.0]] timeSpans)","type":"SIMPLE","count":4},{"name":"KaVE.FeedbackProcessor.Statistics.AverageBreakAfterEventsCalculator.BreakOccured(KaVE.Commons.Model.Events.IDEEvent nextEvent)","type":"SIMPLE","count":2},{"name":"KaVE.FeedbackProcessor.Statistics.AverageBreakAfterEventsCalculator.AddCacheToBreaks(KaVE.Commons.Model.Events.IDEEvent lateEvent)","type":"SIMPLE","count":2},{"name":"KaVE.FeedbackProcessor.Statistics.AverageBreakAfterEventsCalculator.GenerateLastEventsString(KaVE.Commons.Model.Events.IDEEvent lateEvent)","type":"SIMPLE","count":2},{"name":"KaVE.FeedbackProcessor.Statistics.AverageBreakAfterEventsCalculator.GenerateStringFromCache()","type":"SIMPLE","count":4},{"name":"KaVE.FeedbackProcessor.Statistics.AverageBreakAfterEventsCalculator(System.Int32 maxEventsBeforeBreak, System.TimeSpan minBreakTime, System.Boolean addEventAfterBreakToStatistic)","type":"CTOR","count":4},{"name":"KaVE.FeedbackProcessor.Statistics.AverageBreakAfterEventsCalculator.StatisticAsCsv()","type":"SIMPLE","count":2},{"name":"KaVE.FeedbackProcessor.Statistics.AverageBreakAfterEventsCalculator.OnStreamStarts(KaVE.FeedbackProcessor.Model.Developer developer)","type":"SIMPLE","count":16},{"name":"KaVE.FeedbackProcessor.Statistics.AverageBreakAfterEventsCalculator.OnStreamEnds()","type":"SIMPLE","count":16}]}]}