{"collections":[{"fullName":"KaVE.FeedbackProcessor.Activities.BaseToActivityMapper","methods":[{"name":"KaVE.FeedbackProcessor.Activities.BaseToActivityMapper.InsertActivity(KaVE.Commons.Model.Events.IDEEvent baseEvent, KaVE.FeedbackProcessor.Activities.Model.Activity activity)","type":"SIMPLE","count":34},{"name":"KaVE.FeedbackProcessor.Activities.BaseToActivityMapper.InsertActivities(KaVE.Commons.Model.Events.IDEEvent baseEvent, KaVE.FeedbackProcessor.Activities.Model.Activity[] activities)","type":"SIMPLE","count":10},{"name":"KaVE.FeedbackProcessor.Activities.BaseToActivityMapper.CreateActivityEvent(KaVE.Commons.Model.Events.IDEEvent baseEvent, KaVE.FeedbackProcessor.Activities.Model.Activity activity)","type":"SIMPLE","count":2}]}]}