{"collections":[{"fullName":"KaVE.FeedbackProcessor.BaseEventProcessor","methods":[{"name":"KaVE.FeedbackProcessor.BaseEventProcessor.RegisterFor(KaVE.FeedbackProcessor.BaseEventProcessor+Processor`1[[TEvent -\u003e TEvent]] processor)","type":"SIMPLE","count":42},{"name":"KaVE.FeedbackProcessor.BaseEventProcessor.GetProcessorsFor(KaVE.Commons.Model.Events.IDEEvent event)","type":"SIMPLE","count":2},{"name":"KaVE.FeedbackProcessor.BaseEventProcessor.OnStreamStarts(KaVE.FeedbackProcessor.Model.Developer developer)","type":"SIMPLE","count":8},{"name":"KaVE.FeedbackProcessor.BaseEventProcessor.OnEvent(KaVE.Commons.Model.Events.IDEEvent event)","type":"SIMPLE","count":140},{"name":"KaVE.FeedbackProcessor.BaseEventProcessor.OnStreamEnds()","type":"SIMPLE","count":6}]}]}