{"collections":[{"fullName":"KaVE.FeedbackProcessor.BaseEventMapper","methods":[{"name":"KaVE.FeedbackProcessor.BaseEventMapper.DropCurrentEvent()","type":"SIMPLE","count":32},{"name":"KaVE.FeedbackProcessor.BaseEventMapper.RegisterFor(KaVE.FeedbackProcessor.BaseEventMapper+Processor`1[[TEvent -\u003e TEvent]] processor)","type":"SIMPLE","count":62},{"name":"KaVE.FeedbackProcessor.BaseEventMapper.ReplaceCurrentEventWith(KaVE.Commons.Model.Events.IDEEvent[] replacementEvents)","type":"SIMPLE","count":12},{"name":"KaVE.FeedbackProcessor.BaseEventMapper.GetAnswer(KaVE.Commons.Model.Events.IDEEvent event)","type":"SIMPLE","count":2},{"name":"KaVE.FeedbackProcessor.BaseEventMapper.GetProcessorsFor(KaVE.Commons.Model.Events.IDEEvent event)","type":"SIMPLE","count":2},{"name":"KaVE.FeedbackProcessor.BaseEventMapper.Insert(KaVE.Commons.Model.Events.IDEEvent[] additionalEvents)","type":"SIMPLE","count":12},{"name":"KaVE.FeedbackProcessor.BaseEventMapper.Map(KaVE.Commons.Model.Events.IDEEvent event)","type":"SIMPLE","count":108},{"name":"KaVE.FeedbackProcessor.BaseEventMapper.OnStreamEnds()","type":"SIMPLE","count":4}]}]}