{"collections":[{"fullName":"KaVE.FeedbackProcessor.Cleanup.Heuristics.CommandCompareHeuristic","methods":[{"name":"KaVE.FeedbackProcessor.Cleanup.Heuristics.CommandCompareHeuristic.IsVisualStudioCommand(System.String commandId)","type":"SIMPLE","count":18},{"name":"KaVE.FeedbackProcessor.Cleanup.Heuristics.CommandCompareHeuristic.IsReSharperCommand(System.String commandId)","type":"SIMPLE","count":16},{"name":"KaVE.FeedbackProcessor.Cleanup.Heuristics.CommandCompareHeuristic.CompareCommands(System.String command1, System.String command2)","type":"SIMPLE","count":6},{"name":"KaVE.FeedbackProcessor.Cleanup.Heuristics.CommandCompareHeuristic.IsOtherCommand(System.String commandId)","type":"SIMPLE","count":6}]}]}