{"collections":[{"fullName":"KaVE.FeedbackProcessor.Statistics.CompletionDurationStatistic","methods":[{"name":"KaVE.FeedbackProcessor.Statistics.CompletionDurationStatistic.EnsureEntryForDay(System.DateTime date)","type":"SIMPLE","count":4},{"name":"KaVE.FeedbackProcessor.Statistics.CompletionDurationStatistic.NumberOfDeveloperDaysWithCompletionUsage","type":"PROP","count":2},{"name":"KaVE.FeedbackProcessor.Statistics.CompletionDurationStatistic()","type":"CTOR","count":2},{"name":"KaVE.FeedbackProcessor.Statistics.CompletionDurationStatistic.StatisticAsCsv()","type":"SIMPLE","count":2}]}]}