{"collections":[{"fullName":"KaVE.FeedbackProcessor.Cleanup.Heuristics.ConcurrentEventHeuristic","methods":[{"name":"KaVE.FeedbackProcessor.Cleanup.Heuristics.ConcurrentEventHeuristic.AreSimilar(System.DateTime dateTime1, System.DateTime dateTime2)","type":"SIMPLE","count":6},{"name":"KaVE.FeedbackProcessor.Cleanup.Heuristics.ConcurrentEventHeuristic.IsIgnorableTextControlCommand(System.String commandId)","type":"SIMPLE","count":6},{"name":"KaVE.FeedbackProcessor.Cleanup.Heuristics.ConcurrentEventHeuristic.AreConcurrent(KaVE.Commons.Model.Events.IDEEvent evt1, KaVE.Commons.Model.Events.IDEEvent evt2)","type":"SIMPLE","count":6}]}]}