{"collections":[{"fullName":"KaVE.FeedbackProcessor.Statistics.DeveloperStatisticsCalculator","methods":[{"name":"KaVE.FeedbackProcessor.Statistics.DeveloperStatisticsCalculator.EventsCollection","type":"PROP","count":2},{"name":"KaVE.FeedbackProcessor.Statistics.DeveloperStatisticsCalculator.Developers","type":"PROP","count":8},{"name":"KaVE.FeedbackProcessor.Statistics.DeveloperStatisticsCalculator.TryToCombineDaySets(System.Collections.Generic.IList`1[[T -\u003e i:System.Collections.Generic.ISet`1[[T -\u003e s:System.DateTime, mscorlib, 4.0.0.0]], System, 4.0.0.0]] activeDaySets)","type":"SIMPLE","count":2},{"name":"KaVE.FeedbackProcessor.Statistics.DeveloperStatisticsCalculator(KaVE.FeedbackProcessor.Database.IFeedbackDatabase feedbackDatabase)","type":"CTOR","count":4},{"name":"KaVE.FeedbackProcessor.Statistics.DeveloperStatisticsCalculator.GetUpperBoundToNumberOfParticipants()","type":"SIMPLE","count":4},{"name":"KaVE.FeedbackProcessor.Statistics.DeveloperStatisticsCalculator.GetLowerBoundToNumberOfParticipants()","type":"SIMPLE","count":12},{"name":"KaVE.FeedbackProcessor.Statistics.DeveloperStatisticsCalculator.GetNumberOfSessions()","type":"SIMPLE","count":4},{"name":"KaVE.FeedbackProcessor.Statistics.DeveloperStatisticsCalculator.GetNumberOfSessionsAssignedToMultipleDevelopers()","type":"SIMPLE","count":4},{"name":"KaVE.FeedbackProcessor.Statistics.DeveloperStatisticsCalculator.GetActiveDays(KaVE.FeedbackProcessor.Model.Developer developer)","type":"SIMPLE","count":2}]}]}