{"collections":[{"fullName":"KaVE.FeedbackProcessor.Database.DevelopmentHistory.DevelopmentHistoryDatabase","methods":[{"name":"KaVE.FeedbackProcessor.Database.DevelopmentHistory.DevelopmentHistoryDatabase.EnsureDatabaseExists(System.String databaseFileName)","type":"SIMPLE","count":2},{"name":"KaVE.FeedbackProcessor.Database.DevelopmentHistory.DevelopmentHistoryDatabase.CreateTable(System.String commandText)","type":"SIMPLE","count":4},{"name":"KaVE.FeedbackProcessor.Database.DevelopmentHistory.DevelopmentHistoryDatabase(System.String name)","type":"CTOR","count":2},{"name":"KaVE.FeedbackProcessor.Database.DevelopmentHistory.DevelopmentHistoryDatabase.Insert(System.String wp, System.DateTime timestamp, KaVE.Commons.Model.Events.CompletionEvents.Context context, KaVE.Commons.Model.ObjectUsage.Query query)","type":"SIMPLE","count":2},{"name":"KaVE.FeedbackProcessor.Database.DevelopmentHistory.DevelopmentHistoryDatabase.Insert(System.String wp, System.DateTime timestamp, KaVE.Commons.Model.ObjectUsage.Query objectUsage, System.Boolean isQuery)","type":"SIMPLE","count":2}]}]}