{"collections":[{"fullName":"KaVE.FeedbackProcessor.Statistics.EventsPerDeveloperDayStatisticCalculator+DeveloperDay","methods":[{"name":"KaVE.FeedbackProcessor.Statistics.EventsPerDeveloperDayStatisticCalculator+DeveloperDay.AddEvent(KaVE.Commons.Model.Events.IDEEvent event)","type":"SIMPLE","count":46},{"name":"KaVE.FeedbackProcessor.Statistics.EventsPerDeveloperDayStatisticCalculator+DeveloperDay(System.DateTime day, System.TimeSpan minBreakSpan)","type":"CTOR","count":4},{"name":"KaVE.FeedbackProcessor.Statistics.EventsPerDeveloperDayStatisticCalculator+DeveloperDay.EndDay()","type":"SIMPLE","count":2},{"name":"KaVE.FeedbackProcessor.Statistics.EventsPerDeveloperDayStatisticCalculator+DeveloperDay.Day","type":"PROP","count":10},{"name":"KaVE.FeedbackProcessor.Statistics.EventsPerDeveloperDayStatisticCalculator+DeveloperDay.FirstActivityAt","type":"PROP","count":10},{"name":"KaVE.FeedbackProcessor.Statistics.EventsPerDeveloperDayStatisticCalculator+DeveloperDay.LastActivityAt","type":"PROP","count":16},{"name":"KaVE.FeedbackProcessor.Statistics.EventsPerDeveloperDayStatisticCalculator+DeveloperDay.NumberOfEvents","type":"PROP","count":12},{"name":"KaVE.FeedbackProcessor.Statistics.EventsPerDeveloperDayStatisticCalculator+DeveloperDay.NumberOfBreaks","type":"PROP","count":2},{"name":"KaVE.FeedbackProcessor.Statistics.EventsPerDeveloperDayStatisticCalculator+DeveloperDay.TotalBreakTime","type":"PROP","count":2},{"name":"KaVE.FeedbackProcessor.Statistics.EventsPerDeveloperDayStatisticCalculator+DeveloperDay.IsFirstEventOfDay()","type":"SIMPLE","count":2}]}]}