{"collections":[{"fullName":"KaVE.FeedbackProcessor.Statistics.DocumentNameCollector","methods":[{"name":"KaVE.FeedbackProcessor.Statistics.DocumentNameCollector.AllDocumentNames","type":"PROP","count":8},{"name":"KaVE.FeedbackProcessor.Statistics.DocumentNameCollector.AddName(KaVE.Commons.Model.Names.VisualStudio.DocumentName windowName)","type":"SIMPLE","count":6},{"name":"KaVE.FeedbackProcessor.Statistics.DocumentNameCollector.AddNames(System.Collections.Generic.IEnumerable`1[[T -\u003e KaVE.Commons.Model.Names.VisualStudio.DocumentName, KaVE.Commons]] documents)","type":"SIMPLE","count":2},{"name":"KaVE.FeedbackProcessor.Statistics.DocumentNameCollector()","type":"CTOR","count":4}]}]}