{"collections":[{"fullName":"KaVE.FeedbackProcessor.Activities.SlidingWindow.DurationActivityMergingStrategy","methods":[{"name":"KaVE.FeedbackProcessor.Activities.SlidingWindow.DurationActivityMergingStrategy.GetDuration(KaVE.FeedbackProcessor.Activities.Model.ActivityEvent a, KaVE.FeedbackProcessor.Activities.SlidingWindow.Window window)","type":"SIMPLE","count":2},{"name":"KaVE.FeedbackProcessor.Activities.SlidingWindow.DurationActivityMergingStrategy.GetMinimalDuration(KaVE.FeedbackProcessor.Activities.SlidingWindow.Window window)","type":"SIMPLE","count":2},{"name":"KaVE.FeedbackProcessor.Activities.SlidingWindow.DurationActivityMergingStrategy()","type":"CTOR","count":2}]}]}