{"collections":[{"fullName":"KaVE.Commons.Model.SSTs.Impl.Visitor.AbstractNodeVisitor`1[[TContext -\u003e i:System.Collections.Generic.IList`1[[T -\u003e KaVE.RS.SolutionAnalysis.Episodes.Event, KaVE.RS.SolutionAnalysis]], mscorlib, 4.0.0.0]]","methods":[{"name":"KaVE.Commons.Model.SSTs.Impl.Visitor.AbstractNodeVisitor`1[[TContext -\u003e i:System.Collections.Generic.IList`1[[T -\u003e KaVE.RS.SolutionAnalysis.Episodes.Event, KaVE.RS.SolutionAnalysis]], mscorlib, 4.0.0.0]].Visit(KaVE.Commons.Model.SSTs.Declarations.IMethodDeclaration stmt, TContext context)","type":"SIMPLE","count":2}]},{"fullName":"KaVE.Commons.Model.SSTs.Impl.Visitor.AbstractNodeVisitor`1[[TContext -\u003e KaVE.RS.SolutionAnalysis.RelativeEditLocation, KaVE.RS.SolutionAnalysis]]","methods":[{"name":"KaVE.Commons.Model.SSTs.Impl.Visitor.AbstractNodeVisitor`1[[TContext -\u003e KaVE.RS.SolutionAnalysis.RelativeEditLocation, KaVE.RS.SolutionAnalysis]].Visit(KaVE.Commons.Utils.Collections.IKaVEList`1[[T -\u003e i:KaVE.Commons.Model.SSTs.IStatement, KaVE.Commons]] stmts, TContext context)","type":"SIMPLE","count":32}]},{"fullName":"KaVE.Commons.Model.SSTs.Impl.Visitor.AbstractNodeVisitor`1[[TContext]]","methods":[{"name":"KaVE.Commons.Model.SSTs.Impl.Visitor.AbstractNodeVisitor`1[[TContext]].Visit(KaVE.Commons.Utils.Collections.IKaVEList`1[[T -\u003e i:KaVE.Commons.Model.SSTs.IStatement, KaVE.Commons]] stmts, TContext context)","type":"SIMPLE","count":42}]},{"fullName":"KaVE.Commons.Model.SSTs.Impl.Visitor.AbstractNodeVisitor`2[[TContext],[TReturn]]","methods":[{"name":"KaVE.Commons.Model.SSTs.Impl.Visitor.AbstractNodeVisitor`2[[TContext],[TReturn]].Visit(KaVE.Commons.Utils.Collections.IKaVEList`1[[T -\u003e i:KaVE.Commons.Model.SSTs.IStatement, KaVE.Commons]] stmts, TContext context)","type":"SIMPLE","count":42}]},{"fullName":"KaVE.Commons.Model.SSTs.Impl.Visitor.AbstractNodeVisitor`1[[TContext -\u003e KaVE.Commons.Utils.ObjectUsageExport.UsageContext, KaVE.Commons]]","methods":[{"name":"KaVE.Commons.Model.SSTs.Impl.Visitor.AbstractNodeVisitor`1[[TContext -\u003e KaVE.Commons.Utils.ObjectUsageExport.UsageContext, KaVE.Commons]].Visit(KaVE.Commons.Utils.Collections.IKaVEList`1[[T -\u003e i:KaVE.Commons.Model.SSTs.IStatement, KaVE.Commons]] stmts, TContext context)","type":"SIMPLE","count":4}]},{"fullName":"KaVE.Commons.Model.SSTs.Impl.Visitor.AbstractNodeVisitor`1[[TContext -\u003e p:int]]","methods":[{"name":"KaVE.Commons.Model.SSTs.Impl.Visitor.AbstractNodeVisitor`1[[TContext -\u003e p:int]].Visit(KaVE.Commons.Model.SSTs.Blocks.IDoLoop block, TContext context)","type":"SIMPLE","count":2},{"name":"KaVE.Commons.Model.SSTs.Impl.Visitor.AbstractNodeVisitor`1[[TContext -\u003e p:int]].Visit(KaVE.Commons.Model.SSTs.Blocks.IForEachLoop block, TContext context)","type":"SIMPLE","count":2},{"name":"KaVE.Commons.Model.SSTs.Impl.Visitor.AbstractNodeVisitor`1[[TContext -\u003e p:int]].Visit(KaVE.Commons.Model.SSTs.Blocks.IForLoop block, TContext context)","type":"SIMPLE","count":2},{"name":"KaVE.Commons.Model.SSTs.Impl.Visitor.AbstractNodeVisitor`1[[TContext -\u003e p:int]].Visit(KaVE.Commons.Model.SSTs.Blocks.IIfElseBlock block, TContext context)","type":"SIMPLE","count":2},{"name":"KaVE.Commons.Model.SSTs.Impl.Visitor.AbstractNodeVisitor`1[[TContext -\u003e p:int]].Visit(KaVE.Commons.Model.SSTs.Blocks.ILockBlock block, TContext context)","type":"SIMPLE","count":2},{"name":"KaVE.Commons.Model.SSTs.Impl.Visitor.AbstractNodeVisitor`1[[TContext -\u003e p:int]].Visit(KaVE.Commons.Model.SSTs.Blocks.ISwitchBlock block, TContext context)","type":"SIMPLE","count":2},{"name":"KaVE.Commons.Model.SSTs.Impl.Visitor.AbstractNodeVisitor`1[[TContext -\u003e p:int]].Visit(KaVE.Commons.Model.SSTs.Blocks.ITryBlock block, TContext context)","type":"SIMPLE","count":2},{"name":"KaVE.Commons.Model.SSTs.Impl.Visitor.AbstractNodeVisitor`1[[TContext -\u003e p:int]].Visit(KaVE.Commons.Model.SSTs.Blocks.IUncheckedBlock block, TContext context)","type":"SIMPLE","count":2},{"name":"KaVE.Commons.Model.SSTs.Impl.Visitor.AbstractNodeVisitor`1[[TContext -\u003e p:int]].Visit(KaVE.Commons.Model.SSTs.Blocks.IUnsafeBlock block, TContext context)","type":"SIMPLE","count":2},{"name":"KaVE.Commons.Model.SSTs.Impl.Visitor.AbstractNodeVisitor`1[[TContext -\u003e p:int]].Visit(KaVE.Commons.Model.SSTs.Blocks.IUsingBlock block, TContext context)","type":"SIMPLE","count":2},{"name":"KaVE.Commons.Model.SSTs.Impl.Visitor.AbstractNodeVisitor`1[[TContext -\u003e p:int]].Visit(KaVE.Commons.Model.SSTs.Blocks.IWhileLoop block, TContext context)","type":"SIMPLE","count":2},{"name":"KaVE.Commons.Model.SSTs.Impl.Visitor.AbstractNodeVisitor`1[[TContext -\u003e p:int]].Visit(KaVE.Commons.Model.SSTs.Declarations.IDelegateDeclaration stmt, TContext context)","type":"SIMPLE","count":2},{"name":"KaVE.Commons.Model.SSTs.Impl.Visitor.AbstractNodeVisitor`1[[TContext -\u003e p:int]].Visit(KaVE.Commons.Model.SSTs.Declarations.IEventDeclaration stmt, TContext context)","type":"SIMPLE","count":2},{"name":"KaVE.Commons.Model.SSTs.Impl.Visitor.AbstractNodeVisitor`1[[TContext -\u003e p:int]].Visit(KaVE.Commons.Model.SSTs.Declarations.IFieldDeclaration stmt, TContext context)","type":"SIMPLE","count":2},{"name":"KaVE.Commons.Model.SSTs.Impl.Visitor.AbstractNodeVisitor`1[[TContext -\u003e p:int]].Visit(KaVE.Commons.Model.SSTs.Declarations.IMethodDeclaration stmt, TContext context)","type":"SIMPLE","count":2},{"name":"KaVE.Commons.Model.SSTs.Impl.Visitor.AbstractNodeVisitor`1[[TContext -\u003e p:int]].Visit(KaVE.Commons.Model.SSTs.Declarations.IPropertyDeclaration stmt, TContext context)","type":"SIMPLE","count":2},{"name":"KaVE.Commons.Model.SSTs.Impl.Visitor.AbstractNodeVisitor`1[[TContext -\u003e p:int]].Visit(KaVE.Commons.Model.SSTs.Expressions.Assignable.IBinaryExpression expr, TContext context)","type":"SIMPLE","count":2},{"name":"KaVE.Commons.Model.SSTs.Impl.Visitor.AbstractNodeVisitor`1[[TContext -\u003e p:int]].Visit(KaVE.Commons.Model.SSTs.Expressions.Assignable.ICastExpression expr, TContext context)","type":"SIMPLE","count":2},{"name":"KaVE.Commons.Model.SSTs.Impl.Visitor.AbstractNodeVisitor`1[[TContext -\u003e p:int]].Visit(KaVE.Commons.Model.SSTs.Expressions.Assignable.IIndexAccessExpression expr, TContext context)","type":"SIMPLE","count":2},{"name":"KaVE.Commons.Model.SSTs.Impl.Visitor.AbstractNodeVisitor`1[[TContext -\u003e p:int]].Visit(KaVE.Commons.Model.SSTs.Expressions.Assignable.ITypeCheckExpression expr, TContext context)","type":"SIMPLE","count":2},{"name":"KaVE.Commons.Model.SSTs.Impl.Visitor.AbstractNodeVisitor`1[[TContext -\u003e p:int]].Visit(KaVE.Commons.Model.SSTs.Expressions.Assignable.IUnaryExpression expr, TContext context)","type":"SIMPLE","count":2},{"name":"KaVE.Commons.Model.SSTs.Impl.Visitor.AbstractNodeVisitor`1[[TContext -\u003e p:int]].Visit(KaVE.Commons.Model.SSTs.Expressions.Assignable.ICompletionExpression entity, TContext context)","type":"SIMPLE","count":2},{"name":"KaVE.Commons.Model.SSTs.Impl.Visitor.AbstractNodeVisitor`1[[TContext -\u003e p:int]].Visit(KaVE.Commons.Model.SSTs.Expressions.Assignable.IComposedExpression expr, TContext context)","type":"SIMPLE","count":2},{"name":"KaVE.Commons.Model.SSTs.Impl.Visitor.AbstractNodeVisitor`1[[TContext -\u003e p:int]].Visit(KaVE.Commons.Model.SSTs.Expressions.Assignable.IIfElseExpression expr, TContext context)","type":"SIMPLE","count":2},{"name":"KaVE.Commons.Model.SSTs.Impl.Visitor.AbstractNodeVisitor`1[[TContext -\u003e p:int]].Visit(KaVE.Commons.Model.SSTs.Expressions.Assignable.IInvocationExpression entity, TContext context)","type":"SIMPLE","count":2},{"name":"KaVE.Commons.Model.SSTs.Impl.Visitor.AbstractNodeVisitor`1[[TContext -\u003e p:int]].Visit(KaVE.Commons.Model.SSTs.Expressions.Assignable.ILambdaExpression expr, TContext context)","type":"SIMPLE","count":2},{"name":"KaVE.Commons.Model.SSTs.Impl.Visitor.AbstractNodeVisitor`1[[TContext -\u003e p:int]].Visit(KaVE.Commons.Model.SSTs.Expressions.LoopHeader.ILoopHeaderBlockExpression expr, TContext context)","type":"SIMPLE","count":2},{"name":"KaVE.Commons.Model.SSTs.Impl.Visitor.AbstractNodeVisitor`1[[TContext -\u003e p:int]].Visit(KaVE.Commons.Model.SSTs.Expressions.Simple.IConstantValueExpression expr, TContext context)","type":"SIMPLE","count":2},{"name":"KaVE.Commons.Model.SSTs.Impl.Visitor.AbstractNodeVisitor`1[[TContext -\u003e p:int]].Visit(KaVE.Commons.Model.SSTs.Expressions.Simple.INullExpression expr, TContext context)","type":"SIMPLE","count":2},{"name":"KaVE.Commons.Model.SSTs.Impl.Visitor.AbstractNodeVisitor`1[[TContext -\u003e p:int]].Visit(KaVE.Commons.Model.SSTs.Expressions.Simple.IReferenceExpression expr, TContext context)","type":"SIMPLE","count":2},{"name":"KaVE.Commons.Model.SSTs.Impl.Visitor.AbstractNodeVisitor`1[[TContext -\u003e p:int]].Visit(KaVE.Commons.Model.SSTs.Expressions.Simple.IUnknownExpression unknownExpr, TContext context)","type":"SIMPLE","count":2},{"name":"KaVE.Commons.Model.SSTs.Impl.Visitor.AbstractNodeVisitor`1[[TContext -\u003e p:int]].Visit(KaVE.Commons.Model.SSTs.References.IIndexAccessReference indexAccessRef, TContext context)","type":"SIMPLE","count":2},{"name":"KaVE.Commons.Model.SSTs.Impl.Visitor.AbstractNodeVisitor`1[[TContext -\u003e p:int]].Visit(KaVE.Commons.Model.SSTs.References.IEventReference eventRef, TContext context)","type":"SIMPLE","count":2},{"name":"KaVE.Commons.Model.SSTs.Impl.Visitor.AbstractNodeVisitor`1[[TContext -\u003e p:int]].Visit(KaVE.Commons.Model.SSTs.References.IFieldReference fieldRef, TContext context)","type":"SIMPLE","count":2},{"name":"KaVE.Commons.Model.SSTs.Impl.Visitor.AbstractNodeVisitor`1[[TContext -\u003e p:int]].Visit(KaVE.Commons.Model.SSTs.References.IMethodReference methodRef, TContext context)","type":"SIMPLE","count":2},{"name":"KaVE.Commons.Model.SSTs.Impl.Visitor.AbstractNodeVisitor`1[[TContext -\u003e p:int]].Visit(KaVE.Commons.Model.SSTs.References.IPropertyReference propertyRef, TContext context)","type":"SIMPLE","count":2},{"name":"KaVE.Commons.Model.SSTs.Impl.Visitor.AbstractNodeVisitor`1[[TContext -\u003e p:int]].Visit(KaVE.Commons.Model.SSTs.References.IUnknownReference unknownRef, TContext context)","type":"SIMPLE","count":2},{"name":"KaVE.Commons.Model.SSTs.Impl.Visitor.AbstractNodeVisitor`1[[TContext -\u003e p:int]].Visit(KaVE.Commons.Model.SSTs.References.IVariableReference varRef, TContext context)","type":"SIMPLE","count":2},{"name":"KaVE.Commons.Model.SSTs.Impl.Visitor.AbstractNodeVisitor`1[[TContext -\u003e p:int]].Visit(KaVE.Commons.Model.SSTs.Statements.IEventSubscriptionStatement stmt, TContext context)","type":"SIMPLE","count":2},{"name":"KaVE.Commons.Model.SSTs.Impl.Visitor.AbstractNodeVisitor`1[[TContext -\u003e p:int]].Visit(KaVE.Commons.Model.SSTs.Statements.IVariableDeclaration stmt, TContext context)","type":"SIMPLE","count":2},{"name":"KaVE.Commons.Model.SSTs.Impl.Visitor.AbstractNodeVisitor`1[[TContext -\u003e p:int]].Visit(KaVE.Commons.Model.SSTs.Statements.IAssignment stmt, TContext context)","type":"SIMPLE","count":2},{"name":"KaVE.Commons.Model.SSTs.Impl.Visitor.AbstractNodeVisitor`1[[TContext -\u003e p:int]].Visit(KaVE.Commons.Model.SSTs.Statements.IBreakStatement stmt, TContext context)","type":"SIMPLE","count":2},{"name":"KaVE.Commons.Model.SSTs.Impl.Visitor.AbstractNodeVisitor`1[[TContext -\u003e p:int]].Visit(KaVE.Commons.Model.SSTs.Statements.IContinueStatement stmt, TContext context)","type":"SIMPLE","count":2},{"name":"KaVE.Commons.Model.SSTs.Impl.Visitor.AbstractNodeVisitor`1[[TContext -\u003e p:int]].Visit(KaVE.Commons.Model.SSTs.Statements.IExpressionStatement stmt, TContext context)","type":"SIMPLE","count":2},{"name":"KaVE.Commons.Model.SSTs.Impl.Visitor.AbstractNodeVisitor`1[[TContext -\u003e p:int]].Visit(KaVE.Commons.Model.SSTs.Statements.IGotoStatement stmt, TContext context)","type":"SIMPLE","count":2},{"name":"KaVE.Commons.Model.SSTs.Impl.Visitor.AbstractNodeVisitor`1[[TContext -\u003e p:int]].Visit(KaVE.Commons.Model.SSTs.Statements.ILabelledStatement stmt, TContext context)","type":"SIMPLE","count":2},{"name":"KaVE.Commons.Model.SSTs.Impl.Visitor.AbstractNodeVisitor`1[[TContext -\u003e p:int]].Visit(KaVE.Commons.Model.SSTs.Statements.IReturnStatement stmt, TContext context)","type":"SIMPLE","count":2},{"name":"KaVE.Commons.Model.SSTs.Impl.Visitor.AbstractNodeVisitor`1[[TContext -\u003e p:int]].Visit(KaVE.Commons.Model.SSTs.Statements.IThrowStatement stmt, TContext context)","type":"SIMPLE","count":2},{"name":"KaVE.Commons.Model.SSTs.Impl.Visitor.AbstractNodeVisitor`1[[TContext -\u003e p:int]].Visit(KaVE.Commons.Model.SSTs.Statements.IUnknownStatement unknownStmt, TContext context)","type":"SIMPLE","count":2}]},{"fullName":"KaVE.Commons.Model.SSTs.Impl.Visitor.AbstractNodeVisitor`2[[TContext -\u003e p:int],[TReturn -\u003e p:object]]","methods":[{"name":"KaVE.Commons.Model.SSTs.Impl.Visitor.AbstractNodeVisitor`2[[TContext -\u003e p:int],[TReturn -\u003e p:object]].Visit(KaVE.Commons.Model.SSTs.Blocks.IDoLoop block, TContext context)","type":"SIMPLE","count":2},{"name":"KaVE.Commons.Model.SSTs.Impl.Visitor.AbstractNodeVisitor`2[[TContext -\u003e p:int],[TReturn -\u003e p:object]].Visit(KaVE.Commons.Model.SSTs.Blocks.IForEachLoop block, TContext context)","type":"SIMPLE","count":2},{"name":"KaVE.Commons.Model.SSTs.Impl.Visitor.AbstractNodeVisitor`2[[TContext -\u003e p:int],[TReturn -\u003e p:object]].Visit(KaVE.Commons.Model.SSTs.Blocks.IForLoop block, TContext context)","type":"SIMPLE","count":2},{"name":"KaVE.Commons.Model.SSTs.Impl.Visitor.AbstractNodeVisitor`2[[TContext -\u003e p:int],[TReturn -\u003e p:object]].Visit(KaVE.Commons.Model.SSTs.Blocks.IIfElseBlock block, TContext context)","type":"SIMPLE","count":2},{"name":"KaVE.Commons.Model.SSTs.Impl.Visitor.AbstractNodeVisitor`2[[TContext -\u003e p:int],[TReturn -\u003e p:object]].Visit(KaVE.Commons.Model.SSTs.Blocks.ILockBlock block, TContext context)","type":"SIMPLE","count":2},{"name":"KaVE.Commons.Model.SSTs.Impl.Visitor.AbstractNodeVisitor`2[[TContext -\u003e p:int],[TReturn -\u003e p:object]].Visit(KaVE.Commons.Model.SSTs.Blocks.ISwitchBlock block, TContext context)","type":"SIMPLE","count":2},{"name":"KaVE.Commons.Model.SSTs.Impl.Visitor.AbstractNodeVisitor`2[[TContext -\u003e p:int],[TReturn -\u003e p:object]].Visit(KaVE.Commons.Model.SSTs.Blocks.ITryBlock block, TContext context)","type":"SIMPLE","count":2},{"name":"KaVE.Commons.Model.SSTs.Impl.Visitor.AbstractNodeVisitor`2[[TContext -\u003e p:int],[TReturn -\u003e p:object]].Visit(KaVE.Commons.Model.SSTs.Blocks.IUncheckedBlock block, TContext context)","type":"SIMPLE","count":2},{"name":"KaVE.Commons.Model.SSTs.Impl.Visitor.AbstractNodeVisitor`2[[TContext -\u003e p:int],[TReturn -\u003e p:object]].Visit(KaVE.Commons.Model.SSTs.Blocks.IUnsafeBlock block, TContext context)","type":"SIMPLE","count":2},{"name":"KaVE.Commons.Model.SSTs.Impl.Visitor.AbstractNodeVisitor`2[[TContext -\u003e p:int],[TReturn -\u003e p:object]].Visit(KaVE.Commons.Model.SSTs.Blocks.IUsingBlock block, TContext context)","type":"SIMPLE","count":2},{"name":"KaVE.Commons.Model.SSTs.Impl.Visitor.AbstractNodeVisitor`2[[TContext -\u003e p:int],[TReturn -\u003e p:object]].Visit(KaVE.Commons.Model.SSTs.Blocks.IWhileLoop block, TContext context)","type":"SIMPLE","count":2},{"name":"KaVE.Commons.Model.SSTs.Impl.Visitor.AbstractNodeVisitor`2[[TContext -\u003e p:int],[TReturn -\u003e p:object]].Visit(KaVE.Commons.Model.SSTs.Declarations.IDelegateDeclaration stmt, TContext context)","type":"SIMPLE","count":2},{"name":"KaVE.Commons.Model.SSTs.Impl.Visitor.AbstractNodeVisitor`2[[TContext -\u003e p:int],[TReturn -\u003e p:object]].Visit(KaVE.Commons.Model.SSTs.Declarations.IEventDeclaration stmt, TContext context)","type":"SIMPLE","count":2},{"name":"KaVE.Commons.Model.SSTs.Impl.Visitor.AbstractNodeVisitor`2[[TContext -\u003e p:int],[TReturn -\u003e p:object]].Visit(KaVE.Commons.Model.SSTs.Declarations.IFieldDeclaration stmt, TContext context)","type":"SIMPLE","count":2},{"name":"KaVE.Commons.Model.SSTs.Impl.Visitor.AbstractNodeVisitor`2[[TContext -\u003e p:int],[TReturn -\u003e p:object]].Visit(KaVE.Commons.Model.SSTs.Declarations.IMethodDeclaration stmt, TContext context)","type":"SIMPLE","count":2},{"name":"KaVE.Commons.Model.SSTs.Impl.Visitor.AbstractNodeVisitor`2[[TContext -\u003e p:int],[TReturn -\u003e p:object]].Visit(KaVE.Commons.Model.SSTs.Declarations.IPropertyDeclaration stmt, TContext context)","type":"SIMPLE","count":2},{"name":"KaVE.Commons.Model.SSTs.Impl.Visitor.AbstractNodeVisitor`2[[TContext -\u003e p:int],[TReturn -\u003e p:object]].Visit(KaVE.Commons.Model.SSTs.Expressions.Assignable.IBinaryExpression expr, TContext context)","type":"SIMPLE","count":2},{"name":"KaVE.Commons.Model.SSTs.Impl.Visitor.AbstractNodeVisitor`2[[TContext -\u003e p:int],[TReturn -\u003e p:object]].Visit(KaVE.Commons.Model.SSTs.Expressions.Assignable.ICastExpression expr, TContext context)","type":"SIMPLE","count":2},{"name":"KaVE.Commons.Model.SSTs.Impl.Visitor.AbstractNodeVisitor`2[[TContext -\u003e p:int],[TReturn -\u003e p:object]].Visit(KaVE.Commons.Model.SSTs.Expressions.Assignable.IIndexAccessExpression expr, TContext context)","type":"SIMPLE","count":2},{"name":"KaVE.Commons.Model.SSTs.Impl.Visitor.AbstractNodeVisitor`2[[TContext -\u003e p:int],[TReturn -\u003e p:object]].Visit(KaVE.Commons.Model.SSTs.Expressions.Assignable.ITypeCheckExpression expr, TContext context)","type":"SIMPLE","count":2},{"name":"KaVE.Commons.Model.SSTs.Impl.Visitor.AbstractNodeVisitor`2[[TContext -\u003e p:int],[TReturn -\u003e p:object]].Visit(KaVE.Commons.Model.SSTs.Expressions.Assignable.IUnaryExpression expr, TContext context)","type":"SIMPLE","count":2},{"name":"KaVE.Commons.Model.SSTs.Impl.Visitor.AbstractNodeVisitor`2[[TContext -\u003e p:int],[TReturn -\u003e p:object]].Visit(KaVE.Commons.Model.SSTs.Expressions.Assignable.ICompletionExpression entity, TContext context)","type":"SIMPLE","count":2},{"name":"KaVE.Commons.Model.SSTs.Impl.Visitor.AbstractNodeVisitor`2[[TContext -\u003e p:int],[TReturn -\u003e p:object]].Visit(KaVE.Commons.Model.SSTs.Expressions.Assignable.IComposedExpression expr, TContext context)","type":"SIMPLE","count":2},{"name":"KaVE.Commons.Model.SSTs.Impl.Visitor.AbstractNodeVisitor`2[[TContext -\u003e p:int],[TReturn -\u003e p:object]].Visit(KaVE.Commons.Model.SSTs.Expressions.Assignable.IIfElseExpression expr, TContext context)","type":"SIMPLE","count":2},{"name":"KaVE.Commons.Model.SSTs.Impl.Visitor.AbstractNodeVisitor`2[[TContext -\u003e p:int],[TReturn -\u003e p:object]].Visit(KaVE.Commons.Model.SSTs.Expressions.Assignable.IInvocationExpression entity, TContext context)","type":"SIMPLE","count":2},{"name":"KaVE.Commons.Model.SSTs.Impl.Visitor.AbstractNodeVisitor`2[[TContext -\u003e p:int],[TReturn -\u003e p:object]].Visit(KaVE.Commons.Model.SSTs.Expressions.Assignable.ILambdaExpression expr, TContext context)","type":"SIMPLE","count":2},{"name":"KaVE.Commons.Model.SSTs.Impl.Visitor.AbstractNodeVisitor`2[[TContext -\u003e p:int],[TReturn -\u003e p:object]].Visit(KaVE.Commons.Model.SSTs.Expressions.LoopHeader.ILoopHeaderBlockExpression expr, TContext context)","type":"SIMPLE","count":2},{"name":"KaVE.Commons.Model.SSTs.Impl.Visitor.AbstractNodeVisitor`2[[TContext -\u003e p:int],[TReturn -\u003e p:object]].Visit(KaVE.Commons.Model.SSTs.Expressions.Simple.IConstantValueExpression expr, TContext context)","type":"SIMPLE","count":2},{"name":"KaVE.Commons.Model.SSTs.Impl.Visitor.AbstractNodeVisitor`2[[TContext -\u003e p:int],[TReturn -\u003e p:object]].Visit(KaVE.Commons.Model.SSTs.Expressions.Simple.INullExpression expr, TContext context)","type":"SIMPLE","count":2},{"name":"KaVE.Commons.Model.SSTs.Impl.Visitor.AbstractNodeVisitor`2[[TContext -\u003e p:int],[TReturn -\u003e p:object]].Visit(KaVE.Commons.Model.SSTs.Expressions.Simple.IReferenceExpression expr, TContext context)","type":"SIMPLE","count":2},{"name":"KaVE.Commons.Model.SSTs.Impl.Visitor.AbstractNodeVisitor`2[[TContext -\u003e p:int],[TReturn -\u003e p:object]].Visit(KaVE.Commons.Model.SSTs.Expressions.Simple.IUnknownExpression unknownExpr, TContext context)","type":"SIMPLE","count":2},{"name":"KaVE.Commons.Model.SSTs.Impl.Visitor.AbstractNodeVisitor`2[[TContext -\u003e p:int],[TReturn -\u003e p:object]].Visit(KaVE.Commons.Model.SSTs.References.IIndexAccessReference indexAccessRef, TContext context)","type":"SIMPLE","count":2},{"name":"KaVE.Commons.Model.SSTs.Impl.Visitor.AbstractNodeVisitor`2[[TContext -\u003e p:int],[TReturn -\u003e p:object]].Visit(KaVE.Commons.Model.SSTs.References.IEventReference eventRef, TContext context)","type":"SIMPLE","count":2},{"name":"KaVE.Commons.Model.SSTs.Impl.Visitor.AbstractNodeVisitor`2[[TContext -\u003e p:int],[TReturn -\u003e p:object]].Visit(KaVE.Commons.Model.SSTs.References.IFieldReference fieldRef, TContext context)","type":"SIMPLE","count":2},{"name":"KaVE.Commons.Model.SSTs.Impl.Visitor.AbstractNodeVisitor`2[[TContext -\u003e p:int],[TReturn -\u003e p:object]].Visit(KaVE.Commons.Model.SSTs.References.IMethodReference methodRef, TContext context)","type":"SIMPLE","count":2},{"name":"KaVE.Commons.Model.SSTs.Impl.Visitor.AbstractNodeVisitor`2[[TContext -\u003e p:int],[TReturn -\u003e p:object]].Visit(KaVE.Commons.Model.SSTs.References.IPropertyReference propertyRef, TContext context)","type":"SIMPLE","count":2},{"name":"KaVE.Commons.Model.SSTs.Impl.Visitor.AbstractNodeVisitor`2[[TContext -\u003e p:int],[TReturn -\u003e p:object]].Visit(KaVE.Commons.Model.SSTs.References.IUnknownReference unknownRef, TContext context)","type":"SIMPLE","count":2},{"name":"KaVE.Commons.Model.SSTs.Impl.Visitor.AbstractNodeVisitor`2[[TContext -\u003e p:int],[TReturn -\u003e p:object]].Visit(KaVE.Commons.Model.SSTs.References.IVariableReference varRef, TContext context)","type":"SIMPLE","count":2},{"name":"KaVE.Commons.Model.SSTs.Impl.Visitor.AbstractNodeVisitor`2[[TContext -\u003e p:int],[TReturn -\u003e p:object]].Visit(KaVE.Commons.Model.SSTs.Statements.IEventSubscriptionStatement stmt, TContext context)","type":"SIMPLE","count":2},{"name":"KaVE.Commons.Model.SSTs.Impl.Visitor.AbstractNodeVisitor`2[[TContext -\u003e p:int],[TReturn -\u003e p:object]].Visit(KaVE.Commons.Model.SSTs.Statements.IVariableDeclaration stmt, TContext context)","type":"SIMPLE","count":2},{"name":"KaVE.Commons.Model.SSTs.Impl.Visitor.AbstractNodeVisitor`2[[TContext -\u003e p:int],[TReturn -\u003e p:object]].Visit(KaVE.Commons.Model.SSTs.Statements.IAssignment stmt, TContext context)","type":"SIMPLE","count":2},{"name":"KaVE.Commons.Model.SSTs.Impl.Visitor.AbstractNodeVisitor`2[[TContext -\u003e p:int],[TReturn -\u003e p:object]].Visit(KaVE.Commons.Model.SSTs.Statements.IBreakStatement stmt, TContext context)","type":"SIMPLE","count":2},{"name":"KaVE.Commons.Model.SSTs.Impl.Visitor.AbstractNodeVisitor`2[[TContext -\u003e p:int],[TReturn -\u003e p:object]].Visit(KaVE.Commons.Model.SSTs.Statements.IContinueStatement stmt, TContext context)","type":"SIMPLE","count":2},{"name":"KaVE.Commons.Model.SSTs.Impl.Visitor.AbstractNodeVisitor`2[[TContext -\u003e p:int],[TReturn -\u003e p:object]].Visit(KaVE.Commons.Model.SSTs.Statements.IExpressionStatement stmt, TContext context)","type":"SIMPLE","count":2},{"name":"KaVE.Commons.Model.SSTs.Impl.Visitor.AbstractNodeVisitor`2[[TContext -\u003e p:int],[TReturn -\u003e p:object]].Visit(KaVE.Commons.Model.SSTs.Statements.IGotoStatement stmt, TContext context)","type":"SIMPLE","count":2},{"name":"KaVE.Commons.Model.SSTs.Impl.Visitor.AbstractNodeVisitor`2[[TContext -\u003e p:int],[TReturn -\u003e p:object]].Visit(KaVE.Commons.Model.SSTs.Statements.ILabelledStatement stmt, TContext context)","type":"SIMPLE","count":2},{"name":"KaVE.Commons.Model.SSTs.Impl.Visitor.AbstractNodeVisitor`2[[TContext -\u003e p:int],[TReturn -\u003e p:object]].Visit(KaVE.Commons.Model.SSTs.Statements.IReturnStatement stmt, TContext context)","type":"SIMPLE","count":2},{"name":"KaVE.Commons.Model.SSTs.Impl.Visitor.AbstractNodeVisitor`2[[TContext -\u003e p:int],[TReturn -\u003e p:object]].Visit(KaVE.Commons.Model.SSTs.Statements.IThrowStatement stmt, TContext context)","type":"SIMPLE","count":2},{"name":"KaVE.Commons.Model.SSTs.Impl.Visitor.AbstractNodeVisitor`2[[TContext -\u003e p:int],[TReturn -\u003e p:object]].Visit(KaVE.Commons.Model.SSTs.Statements.IUnknownStatement unknownStmt, TContext context)","type":"SIMPLE","count":2}]},{"fullName":"KaVE.Commons.Model.SSTs.Impl.Visitor.AbstractNodeVisitor`1[[TContext -\u003e KaVE.Commons.Utils.ValueTypeWrapper`1[[T -\u003e p:bool]], KaVE.Commons]]","methods":[{"name":"KaVE.Commons.Model.SSTs.Impl.Visitor.AbstractNodeVisitor`1[[TContext -\u003e KaVE.Commons.Utils.ValueTypeWrapper`1[[T -\u003e p:bool]], KaVE.Commons]].Visit(KaVE.Commons.Model.SSTs.ISST sst, TContext context)","type":"SIMPLE","count":2}]}]}