{"collections":[{"fullName":"KaVE.Commons.Model.Names.CSharp.ArrayTypeName","methods":[{"name":"KaVE.Commons.Model.Names.CSharp.ArrayTypeName.From(KaVE.Commons.Model.Names.ITypeName baseType, System.Int32 rank)","type":"SIMPLE","count":14},{"name":"KaVE.Commons.Model.Names.CSharp.ArrayTypeName.Rank","type":"PROP","count":2},{"name":"KaVE.Commons.Model.Names.CSharp.ArrayTypeName.DeriveArrayTypeNameIdentifier(KaVE.Commons.Model.Names.ITypeName baseType, System.Int32 rank)","type":"SIMPLE","count":2},{"name":"KaVE.Commons.Model.Names.CSharp.ArrayTypeName.Get(System.String identifier)","type":"SIMPLE","count":2},{"name":"(KaVE.Commons.Model.Names.CSharp.ArrayTypeName) object","type":"CAST","count":2},{"name":"KaVE.Commons.Model.Names.CSharp.ArrayTypeName.CreateArrayMarker(System.Int32 rank)","type":"SIMPLE","count":4},{"name":"KaVE.Commons.Model.Names.CSharp.ArrayTypeName.InsertMarkerAfterRawName(System.String identifier, System.String arrayMarker)","type":"SIMPLE","count":2},{"name":"KaVE.Commons.Model.Names.CSharp.ArrayTypeName.GetArrayRank(KaVE.Commons.Model.Names.ITypeName arrayTypeName)","type":"SIMPLE","count":4},{"name":"KaVE.Commons.Model.Names.CSharp.ArrayTypeName.ArrayBaseType","type":"PROP","count":4},{"name":"KaVE.Commons.Model.Names.CSharp.ArrayTypeName.IsArrayTypeIdentifier(System.String id)","type":"SIMPLE","count":2},{"name":"KaVE.Commons.Model.Names.CSharp.ArrayTypeName(System.String identifier)","type":"CTOR","count":2}]}]}