{"collections":[{"fullName":"KaVE.Commons.Utils.Assertion.Asserts","methods":[{"name":"KaVE.Commons.Utils.Assertion.Asserts.NotNull(System.Object obj)","type":"SIMPLE","count":38},{"name":"KaVE.Commons.Utils.Assertion.Asserts.That(System.Boolean condition)","type":"SIMPLE","count":52},{"name":"KaVE.Commons.Utils.Assertion.Asserts.NotSame(System.Object a, System.Object b)","type":"SIMPLE","count":6},{"name":"KaVE.Commons.Utils.Assertion.Asserts.Not(System.Boolean condition, System.String message, System.Object[] messageArgs)","type":"SIMPLE","count":24},{"name":"KaVE.Commons.Utils.Assertion.Asserts.Not(System.Boolean condition)","type":"SIMPLE","count":6},{"name":"KaVE.Commons.Utils.Assertion.Asserts.Null(System.Object obj, System.String message, System.Object[] messageArgs)","type":"SIMPLE","count":4},{"name":"KaVE.Commons.Utils.Assertion.Asserts.NotNull(System.Object obj, System.String message, System.Object[] messageArgs)","type":"SIMPLE","count":42},{"name":"KaVE.Commons.Utils.Assertion.Asserts.Fail(System.String message, System.Object[] messageArgs)","type":"SIMPLE","count":16},{"name":"KaVE.Commons.Utils.Assertion.Asserts.That(System.Boolean condition, System.String message, System.Object[] messageArgs)","type":"SIMPLE","count":36},{"name":"KaVE.Commons.Utils.Assertion.Asserts.Fail()","type":"SIMPLE","count":4}]}]}