{"collections":[{"fullName":"KaVE.Commons.Model.Names.CSharp.AssemblyName","methods":[{"name":"KaVE.Commons.Model.Names.CSharp.AssemblyName.Get(System.String identifier)","type":"SIMPLE","count":26},{"name":"KaVE.Commons.Model.Names.CSharp.AssemblyName(System.String identifier)","type":"CTOR","count":2},{"name":"KaVE.Commons.Model.Names.CSharp.AssemblyName.GetFragments()","type":"SIMPLE","count":4},{"name":"KaVE.Commons.Model.Names.CSharp.AssemblyName.UnknownName","type":"PROP","count":6},{"name":"KaVE.Commons.Model.Names.CSharp.AssemblyName.AssemblyVersion","type":"PROP","count":2}]}]}