{"collections":[{"fullName":"KaVE.Commons.Model.Names.CSharp.AssemblyVersion","methods":[{"name":"KaVE.Commons.Model.Names.CSharp.AssemblyVersion.UnknownName","type":"PROP","count":10},{"name":"KaVE.Commons.Model.Names.CSharp.AssemblyVersion.Get(System.String identifier)","type":"SIMPLE","count":32},{"name":"KaVE.Commons.Model.Names.CSharp.AssemblyVersion(System.String identifier)","type":"CTOR","count":2},{"name":"(KaVE.Commons.Model.Names.CSharp.AssemblyVersion) object","type":"CAST","count":2},{"name":"KaVE.Commons.Model.Names.CSharp.AssemblyVersion.Major","type":"PROP","count":4},{"name":"KaVE.Commons.Model.Names.CSharp.AssemblyVersion.Minor","type":"PROP","count":4},{"name":"KaVE.Commons.Model.Names.CSharp.AssemblyVersion.Build","type":"PROP","count":4},{"name":"KaVE.Commons.Model.Names.CSharp.AssemblyVersion.Revision","type":"PROP","count":4},{"name":"KaVE.Commons.Model.Names.CSharp.AssemblyVersion.Fragments","type":"PROP","count":8}]}]}