{"collections":[{"fullName":"KaVE.Commons.Model.SSTs.Impl.Expressions.Assignable.BinaryExpression","methods":[{"name":"KaVE.Commons.Model.SSTs.Impl.Expressions.Assignable.BinaryExpression()","type":"CTOR","count":110},{"name":"KaVE.Commons.Model.SSTs.Impl.Expressions.Assignable.BinaryExpression.LeftOperand","type":"PROP","count":88},{"name":"KaVE.Commons.Model.SSTs.Impl.Expressions.Assignable.BinaryExpression.Operator","type":"PROP","count":84},{"name":"KaVE.Commons.Model.SSTs.Impl.Expressions.Assignable.BinaryExpression.RightOperand","type":"PROP","count":88},{"name":"KaVE.Commons.Model.SSTs.Impl.Expressions.Assignable.BinaryExpression.GetHashCode()","type":"SIMPLE","count":24}]}]}