{"collections":[{"fullName":"KaVE.Commons.Model.Events.VisualStudio.BuildTarget","methods":[{"name":"KaVE.Commons.Model.Events.VisualStudio.BuildTarget()","type":"CTOR","count":4},{"name":"KaVE.Commons.Model.Events.VisualStudio.BuildTarget.StartedAt","type":"PROP","count":10},{"name":"KaVE.Commons.Model.Events.VisualStudio.BuildTarget.Duration","type":"PROP","count":8},{"name":"KaVE.Commons.Model.Events.VisualStudio.BuildTarget.Platform","type":"PROP","count":8},{"name":"KaVE.Commons.Model.Events.VisualStudio.BuildTarget.Project","type":"PROP","count":8},{"name":"KaVE.Commons.Model.Events.VisualStudio.BuildTarget.ProjectConfiguration","type":"PROP","count":8},{"name":"KaVE.Commons.Model.Events.VisualStudio.BuildTarget.SolutionConfiguration","type":"PROP","count":8},{"name":"KaVE.Commons.Model.Events.VisualStudio.BuildTarget.Successful","type":"PROP","count":8}]}]}