{"collections":[{"fullName":"KaVE.Commons.Model.Events.VisualStudio.BuildEvent","methods":[{"name":"KaVE.Commons.Model.Events.VisualStudio.BuildEvent()","type":"CTOR","count":8},{"name":"KaVE.Commons.Model.Events.VisualStudio.BuildEvent.Scope","type":"PROP","count":10},{"name":"KaVE.Commons.Model.Events.VisualStudio.BuildEvent.Action","type":"PROP","count":12},{"name":"KaVE.Commons.Model.Events.VisualStudio.BuildEvent.Targets","type":"PROP","count":26},{"name":"(KaVE.Commons.Model.Events.VisualStudio.BuildEvent) object","type":"CAST","count":8}]}]}