{"collections":[{"fullName":"KaVE.Commons.Model.ObjectUsage.CallSites","methods":[{"name":"KaVE.Commons.Model.ObjectUsage.CallSites.CreateReceiverCallSite(KaVE.Commons.Model.Names.IMethodName methodName)","type":"SIMPLE","count":94},{"name":"KaVE.Commons.Model.ObjectUsage.CallSites.CreateReceiverCallSite(System.String methodName)","type":"SIMPLE","count":28},{"name":"KaVE.Commons.Model.ObjectUsage.CallSites.CreateParameterCallSite(System.String methodName, System.Int32 argIndex)","type":"SIMPLE","count":20}]}]}