{"collections":[{"fullName":"KaVE.Commons.Model.ObjectUsage.CallSite","methods":[{"name":"KaVE.Commons.Model.ObjectUsage.CallSite.kind","type":"PROP","count":40},{"name":"KaVE.Commons.Model.ObjectUsage.CallSite.argIndex","type":"PROP","count":28},{"name":"KaVE.Commons.Model.ObjectUsage.CallSite.method","type":"PROP","count":36},{"name":"KaVE.Commons.Model.ObjectUsage.CallSite()","type":"CTOR","count":32},{"name":"(KaVE.Commons.Model.ObjectUsage.CallSite) object","type":"CAST","count":2},{"name":"KaVE.Commons.Model.ObjectUsage.CallSite.GetHashCode()","type":"SIMPLE","count":4}]}]}