{"collections":[{"fullName":"KaVE.Commons.Model.SSTs.Impl.Expressions.Assignable.CastExpression","methods":[{"name":"KaVE.Commons.Model.SSTs.Impl.Expressions.Assignable.CastExpression()","type":"CTOR","count":62},{"name":"KaVE.Commons.Model.SSTs.Impl.Expressions.Assignable.CastExpression.TargetType","type":"PROP","count":36},{"name":"KaVE.Commons.Model.SSTs.Impl.Expressions.Assignable.CastExpression.Reference","type":"PROP","count":36},{"name":"KaVE.Commons.Model.SSTs.Impl.Expressions.Assignable.CastExpression.Operator","type":"PROP","count":20},{"name":"KaVE.Commons.Model.SSTs.Impl.Expressions.Assignable.CastExpression.GetHashCode()","type":"SIMPLE","count":24}]}]}