{"collections":[{"fullName":"KaVE.Commons.Model.SSTs.Impl.Expressions.Assignable.CompletionExpression","methods":[{"name":"KaVE.Commons.Model.SSTs.Impl.Expressions.Assignable.CompletionExpression()","type":"CTOR","count":382},{"name":"KaVE.Commons.Model.SSTs.Impl.Expressions.Assignable.CompletionExpression.Token","type":"PROP","count":70},{"name":"KaVE.Commons.Model.SSTs.Impl.Expressions.Assignable.CompletionExpression.VariableReference","type":"PROP","count":64},{"name":"KaVE.Commons.Model.SSTs.Impl.Expressions.Assignable.CompletionExpression.TypeReference","type":"PROP","count":38},{"name":"KaVE.Commons.Model.SSTs.Impl.Expressions.Assignable.CompletionExpression.GetHashCode()","type":"SIMPLE","count":24}]}]}