{"collections":[{"fullName":"KaVE.Commons.Model.SSTs.Impl.Visitor.HasCompletionExpressionVisitor+CompletionExpressionCounter","methods":[{"name":"KaVE.Commons.Model.SSTs.Impl.Visitor.HasCompletionExpressionVisitor+CompletionExpressionCounter.HasCompletionExpression","type":"PROP","count":2},{"name":"KaVE.Commons.Model.SSTs.Impl.Visitor.HasCompletionExpressionVisitor+CompletionExpressionCounter()","type":"CTOR","count":2},{"name":"KaVE.Commons.Model.SSTs.Impl.Visitor.HasCompletionExpressionVisitor+CompletionExpressionCounter.Add()","type":"SIMPLE","count":2},{"name":"KaVE.Commons.Model.SSTs.Impl.Visitor.HasCompletionExpressionVisitor+CompletionExpressionCounter.Count","type":"PROP","count":4}]}]}