{"collections":[{"fullName":"KaVE.Commons.Model.Events.CompletionEvents.CompletionEvent","methods":[{"name":"(KaVE.Commons.Model.Events.CompletionEvents.CompletionEvent) object","type":"CAST","count":36},{"name":"KaVE.Commons.Model.Events.CompletionEvents.CompletionEvent.ProposalCollection","type":"PROP","count":48},{"name":"KaVE.Commons.Model.Events.CompletionEvents.CompletionEvent.Context2","type":"PROP","count":70},{"name":"KaVE.Commons.Model.Events.CompletionEvents.CompletionEvent.TerminatedState","type":"PROP","count":50},{"name":"KaVE.Commons.Model.Events.CompletionEvents.CompletionEvent()","type":"CTOR","count":100},{"name":"KaVE.Commons.Model.Events.CompletionEvents.CompletionEvent.Selections","type":"PROP","count":68},{"name":"KaVE.Commons.Model.Events.CompletionEvents.CompletionEvent.TerminatedBy","type":"PROP","count":30},{"name":"KaVE.Commons.Model.Events.CompletionEvents.CompletionEvent.AddSelection(KaVE.Commons.Model.Events.CompletionEvents.IProposal proposal, System.Int32 index)","type":"SIMPLE","count":16},{"name":"KaVE.Commons.Model.Events.CompletionEvents.CompletionEvent.ProposalCount","type":"PROP","count":6},{"name":"KaVE.Commons.Model.Events.CompletionEvents.CompletionEvent.GetHashCode()","type":"SIMPLE","count":32}]}]}