{"collections":[{"fullName":"KaVE.Commons.Model.SSTs.Impl.Expressions.Simple.ConstantValueExpression","methods":[{"name":"KaVE.Commons.Model.SSTs.Impl.Expressions.Simple.ConstantValueExpression()","type":"CTOR","count":396},{"name":"KaVE.Commons.Model.SSTs.Impl.Expressions.Simple.ConstantValueExpression.Value","type":"PROP","count":96},{"name":"KaVE.Commons.Model.SSTs.Impl.Expressions.Simple.ConstantValueExpression.GetHashCode()","type":"SIMPLE","count":16},{"name":"KaVE.Commons.Model.SSTs.Impl.Expressions.Simple.ConstantValueExpression.ToString()","type":"SIMPLE","count":8}]}]}