{"collections":[{"fullName":"KaVE.Commons.Model.Events.CompletionEvents.Context","methods":[{"name":"KaVE.Commons.Model.Events.CompletionEvents.Context()","type":"CTOR","count":72},{"name":"KaVE.Commons.Model.Events.CompletionEvents.Context.Equals(System.Object obj)","type":"SIMPLE","count":2},{"name":"KaVE.Commons.Model.Events.CompletionEvents.Context.SST","type":"PROP","count":64},{"name":"KaVE.Commons.Model.Events.CompletionEvents.Context.TypeShape","type":"PROP","count":78},{"name":"KaVE.Commons.Model.Events.CompletionEvents.Context.Default","type":"PROP","count":6},{"name":"KaVE.Commons.Model.Events.CompletionEvents.Context.GetHashCode()","type":"SIMPLE","count":18},{"name":"KaVE.Commons.Model.Events.CompletionEvents.Context.Equals(KaVE.Commons.Model.Events.CompletionEvents.Context other)","type":"SIMPLE","count":2}]}]}