{"collections":[{"fullName":"KaVE.Commons.Model.ObjectUsage.CoReName","methods":[{"name":"KaVE.Commons.Model.ObjectUsage.CoReName.Equals(System.Object obj)","type":"SIMPLE","count":14},{"name":"KaVE.Commons.Model.ObjectUsage.CoReName.GetHashCode()","type":"SIMPLE","count":16},{"name":"KaVE.Commons.Model.ObjectUsage.CoReName(System.String name, System.String validationPattern)","type":"CTOR","count":6},{"name":"KaVE.Commons.Model.ObjectUsage.CoReName.Name","type":"PROP","count":20},{"name":"(KaVE.Commons.Model.ObjectUsage.CoReName) object","type":"CAST","count":4},{"name":"KaVE.Commons.Model.ObjectUsage.CoReName.ToString()","type":"SIMPLE","count":2}]}]}