{"collections":[{"fullName":"KaVE.Commons.Utils.Json.CoReNameToStringConverter","methods":[{"name":"KaVE.Commons.Utils.Json.CoReNameToStringConverter.Write(Newtonsoft.Json.JsonWriter writer, KaVE.Commons.Model.ObjectUsage.CoReName coreName)","type":"SIMPLE","count":8},{"name":"KaVE.Commons.Utils.Json.CoReNameToStringConverter.Write(Newtonsoft.Json.JsonWriter writer, KaVE.Commons.Model.ObjectUsage.CallSite callSite)","type":"SIMPLE","count":2},{"name":"KaVE.Commons.Utils.Json.CoReNameToStringConverter.Write(Newtonsoft.Json.JsonWriter writer, KaVE.Commons.Model.ObjectUsage.DefinitionSite defSite)","type":"SIMPLE","count":2},{"name":"KaVE.Commons.Utils.Json.CoReNameToStringConverter.ReadCallSite(Newtonsoft.Json.JsonReader reader)","type":"SIMPLE","count":2},{"name":"KaVE.Commons.Utils.Json.CoReNameToStringConverter.ReadDefSite(Newtonsoft.Json.JsonReader reader)","type":"SIMPLE","count":2},{"name":"KaVE.Commons.Utils.Json.CoReNameToStringConverter()","type":"CTOR","count":2}]}]}