{"collections":[{"fullName":"KaVE.Commons.Model.Names.CSharp.CSharpNameFromInfoFactory","methods":[{"name":"KaVE.Commons.Model.Names.CSharp.CSharpNameFromInfoFactory.GetName(System.Type type)","type":"SIMPLE","count":8},{"name":"KaVE.Commons.Model.Names.CSharp.CSharpNameFromInfoFactory.GetName(System.Reflection.MethodInfo method)","type":"SIMPLE","count":6},{"name":"KaVE.Commons.Model.Names.CSharp.CSharpNameFromInfoFactory.GetName(System.Reflection.ParameterInfo parameter)","type":"SIMPLE","count":8},{"name":"KaVE.Commons.Model.Names.CSharp.CSharpNameFromInfoFactory.GetName(System.Reflection.FieldInfo field)","type":"SIMPLE","count":6},{"name":"KaVE.Commons.Model.Names.CSharp.CSharpNameFromInfoFactory.GetName(System.Reflection.PropertyInfo property)","type":"SIMPLE","count":10},{"name":"KaVE.Commons.Model.Names.CSharp.CSharpNameFromInfoFactory.GetName(System.Reflection.EventInfo evt)","type":"SIMPLE","count":4},{"name":"KaVE.Commons.Model.Names.CSharp.CSharpNameFromInfoFactory.AppendType(System.Text.StringBuilder identifier, System.Type type)","type":"SIMPLE","count":12}]}]}