{"collections":[{"fullName":"KaVE.Commons.Utils.Csv.CsvBuilder","methods":[{"name":"KaVE.Commons.Utils.Csv.CsvBuilder.Sort(KaVE.Commons.Utils.Csv.CsvBuilder+SortFields sortFields)","type":"SIMPLE","count":2},{"name":"KaVE.Commons.Utils.Csv.CsvBuilder.ExportHeader(System.Text.StringBuilder sb)","type":"SIMPLE","count":2},{"name":"KaVE.Commons.Utils.Csv.CsvBuilder.ExportRows(System.Text.StringBuilder sb)","type":"SIMPLE","count":2},{"name":"KaVE.Commons.Utils.Csv.CsvBuilder.ToField(System.Collections.Generic.IDictionary`2[[TKey -\u003e p:string],[TValue -\u003e p:object]] row, System.String field)","type":"SIMPLE","count":2},{"name":"KaVE.Commons.Utils.Csv.CsvBuilder.ToString(System.Object value)","type":"SIMPLE","count":2},{"name":"KaVE.Commons.Utils.Csv.CsvBuilder.QuoteIfRequired(System.String value)","type":"SIMPLE","count":2},{"name":"KaVE.Commons.Utils.Csv.CsvBuilder.CurrentRow","type":"PROP","count":2},{"name":"KaVE.Commons.Utils.Csv.CsvBuilder()","type":"CTOR","count":24},{"name":"KaVE.Commons.Utils.Csv.CsvBuilder.StartRow()","type":"SIMPLE","count":46},{"name":"KaVE.Commons.Utils.Csv.CsvBuilder.Build(KaVE.Commons.Utils.Csv.CsvBuilder+SortFields sortFields)","type":"SIMPLE","count":24},{"name":"KaVE.Commons.Utils.Csv.CsvBuilder.Fields","type":"PROP","count":4}]}]}