{"collections":[{"fullName":"KaVE.Commons.Utils.Csv.CsvTable","methods":[{"name":"KaVE.Commons.Utils.Csv.CsvTable.RemoveTrailingNewline(System.String csv)","type":"SIMPLE","count":2},{"name":"KaVE.Commons.Utils.Csv.CsvTable.SplitLines(System.String removeTrailingNewline)","type":"SIMPLE","count":2},{"name":"KaVE.Commons.Utils.Csv.CsvTable(System.Collections.Generic.IList`1[[T -\u003e p:string]] lines, System.Char delimiter)","type":"CTOR","count":2},{"name":"KaVE.Commons.Utils.Csv.CsvTable.SplitFields(System.String row, System.Char delimiter)","type":"SIMPLE","count":4},{"name":"KaVE.Commons.Utils.Csv.CsvTable.Read(System.String csv, System.Char delimiter)","type":"SIMPLE","count":10},{"name":"KaVE.Commons.Utils.Csv.CsvTable.Rows","type":"PROP","count":14}]}]}