{"collections":[{"fullName":"KaVE.Commons.Model.Events.VisualStudio.DebuggerEvent","methods":[{"name":"KaVE.Commons.Model.Events.VisualStudio.DebuggerEvent.Mode","type":"PROP","count":24},{"name":"KaVE.Commons.Model.Events.VisualStudio.DebuggerEvent.Reason","type":"PROP","count":12},{"name":"KaVE.Commons.Model.Events.VisualStudio.DebuggerEvent.Action","type":"PROP","count":10},{"name":"KaVE.Commons.Model.Events.VisualStudio.DebuggerEvent()","type":"CTOR","count":8},{"name":"(KaVE.Commons.Model.Events.VisualStudio.DebuggerEvent) object","type":"CAST","count":8}]}]}