{"collections":[{"fullName":"KaVE.Commons.Model.ObjectUsage.DefinitionSites","methods":[{"name":"KaVE.Commons.Model.ObjectUsage.DefinitionSites.CreateUnknownDefinitionSite()","type":"SIMPLE","count":50},{"name":"KaVE.Commons.Model.ObjectUsage.DefinitionSites.CreateDefinitionByConstant()","type":"SIMPLE","count":8},{"name":"KaVE.Commons.Model.ObjectUsage.DefinitionSites.CreateDefinitionByThis()","type":"SIMPLE","count":24},{"name":"KaVE.Commons.Model.ObjectUsage.DefinitionSites.CreateDefinitionByConstructor(System.String constructor)","type":"SIMPLE","count":8},{"name":"KaVE.Commons.Model.ObjectUsage.DefinitionSites.CreateDefinitionByConstructor(KaVE.Commons.Model.Names.IMethodName constructor)","type":"SIMPLE","count":12},{"name":"KaVE.Commons.Model.ObjectUsage.DefinitionSites.CreateDefinitionByReturn(KaVE.Commons.Model.Names.IMethodName methodName)","type":"SIMPLE","count":12},{"name":"KaVE.Commons.Model.ObjectUsage.DefinitionSites.CreateDefinitionByField(KaVE.Commons.Model.Names.IFieldName field)","type":"SIMPLE","count":10},{"name":"KaVE.Commons.Model.ObjectUsage.DefinitionSites.CreateDefinitionByParam(KaVE.Commons.Model.Names.IMethodName methodName, System.Int32 argIndex)","type":"SIMPLE","count":6},{"name":"KaVE.Commons.Model.ObjectUsage.DefinitionSites.CreateDefinitionByReturn(System.String methodName)","type":"SIMPLE","count":12},{"name":"KaVE.Commons.Model.ObjectUsage.DefinitionSites.CreateDefinitionByField(System.String field)","type":"SIMPLE","count":6},{"name":"KaVE.Commons.Model.ObjectUsage.DefinitionSites.CreateDefinitionByParam(System.String methodName, System.Int32 argIndex)","type":"SIMPLE","count":4}]}]}