{"collections":[{"fullName":"KaVE.Commons.Model.ObjectUsage.DefinitionSite","methods":[{"name":"KaVE.Commons.Model.ObjectUsage.DefinitionSite.kind","type":"PROP","count":74},{"name":"KaVE.Commons.Model.ObjectUsage.DefinitionSite.argIndex","type":"PROP","count":28},{"name":"KaVE.Commons.Model.ObjectUsage.DefinitionSite.method","type":"PROP","count":50},{"name":"KaVE.Commons.Model.ObjectUsage.DefinitionSite.field","type":"PROP","count":32},{"name":"KaVE.Commons.Model.ObjectUsage.DefinitionSite()","type":"CTOR","count":62},{"name":"KaVE.Commons.Model.ObjectUsage.DefinitionSite.GetHashCode()","type":"SIMPLE","count":2},{"name":"(KaVE.Commons.Model.ObjectUsage.DefinitionSite) object","type":"CAST","count":2}]}]}