{"collections":[{"fullName":"KaVE.Commons.Model.Names.CSharp.DelegateTypeName","methods":[{"name":"KaVE.Commons.Model.Names.CSharp.DelegateTypeName.Get(System.String identifier)","type":"SIMPLE","count":30},{"name":"KaVE.Commons.Model.Names.CSharp.DelegateTypeName.UnknownName","type":"PROP","count":4},{"name":"(KaVE.Commons.Model.Names.CSharp.DelegateTypeName) object","type":"CAST","count":2},{"name":"KaVE.Commons.Model.Names.CSharp.DelegateTypeName.DelegateMethod","type":"PROP","count":10},{"name":"KaVE.Commons.Model.Names.CSharp.DelegateTypeName.DelegateType","type":"PROP","count":16},{"name":"KaVE.Commons.Model.Names.CSharp.DelegateTypeName.Name","type":"PROP","count":2},{"name":"KaVE.Commons.Model.Names.CSharp.DelegateTypeName.IsDelegateTypeIdentifier(System.String identifier)","type":"SIMPLE","count":4},{"name":"KaVE.Commons.Model.Names.CSharp.DelegateTypeName(System.String identifier)","type":"CTOR","count":2},{"name":"KaVE.Commons.Model.Names.CSharp.DelegateTypeName.FixLegacyDelegateNames(System.String identifier)","type":"SIMPLE","count":2}]}]}