{"collections":[{"fullName":"KaVE.Commons.Utils.Collections.DispatchingObservableCollection`1[[T -\u003e KaVE.VS.FeedbackGenerator.SessionManager.EventViewModel, KaVE.VS.FeedbackGenerator]]","methods":[{"name":"KaVE.Commons.Utils.Collections.DispatchingObservableCollection`1[[T -\u003e KaVE.VS.FeedbackGenerator.SessionManager.EventViewModel, KaVE.VS.FeedbackGenerator]]()","type":"CTOR","count":4},{"name":"KaVE.Commons.Utils.Collections.DispatchingObservableCollection`1[[T -\u003e KaVE.VS.FeedbackGenerator.SessionManager.EventViewModel, KaVE.VS.FeedbackGenerator]](System.Collections.Generic.IEnumerable`1[[T -\u003e T]] list)","type":"CTOR","count":4}]},{"fullName":"KaVE.Commons.Utils.Collections.DispatchingObservableCollection`1[[T -\u003e KaVE.VS.FeedbackGenerator.SessionManager.SessionViewModel, KaVE.VS.FeedbackGenerator]]","methods":[{"name":"KaVE.Commons.Utils.Collections.DispatchingObservableCollection`1[[T -\u003e KaVE.VS.FeedbackGenerator.SessionManager.SessionViewModel, KaVE.VS.FeedbackGenerator]]()","type":"CTOR","count":4},{"name":"KaVE.Commons.Utils.Collections.DispatchingObservableCollection`1[[T -\u003e KaVE.VS.FeedbackGenerator.SessionManager.SessionViewModel, KaVE.VS.FeedbackGenerator]](System.Collections.Generic.IEnumerable`1[[T -\u003e T]] list)","type":"CTOR","count":4}]}]}