{"collections":[{"fullName":"KaVE.Commons.Model.Names.VisualStudio.DocumentName","methods":[{"name":"KaVE.Commons.Model.Names.VisualStudio.DocumentName.FileName","type":"PROP","count":18},{"name":"KaVE.Commons.Model.Names.VisualStudio.DocumentName.Get(System.String identifier)","type":"SIMPLE","count":106},{"name":"KaVE.Commons.Model.Names.VisualStudio.DocumentName(System.String identifier)","type":"CTOR","count":2},{"name":"KaVE.Commons.Model.Names.VisualStudio.DocumentName.Parts()","type":"SIMPLE","count":4},{"name":"KaVE.Commons.Model.Names.VisualStudio.DocumentName.Language","type":"PROP","count":2}]}]}