{"collections":[{"fullName":"KaVE.Commons.Model.Events.VisualStudio.EditEvent","methods":[{"name":"KaVE.Commons.Model.Events.VisualStudio.EditEvent()","type":"CTOR","count":12},{"name":"KaVE.Commons.Model.Events.VisualStudio.EditEvent.Context2","type":"PROP","count":12},{"name":"KaVE.Commons.Model.Events.VisualStudio.EditEvent.NumberOfChanges","type":"PROP","count":14},{"name":"KaVE.Commons.Model.Events.VisualStudio.EditEvent.SizeOfChanges","type":"PROP","count":14},{"name":"(KaVE.Commons.Model.Events.VisualStudio.EditEvent) object","type":"CAST","count":4}]}]}