{"collections":[{"fullName":"KaVE.Commons.Utils.EqualityUtils","methods":[{"name":"KaVE.Commons.Utils.EqualityUtils.Equals(T self, System.Object other, System.Predicate`1[[T -\u003e T]] equalsIfSameType)","type":"SIMPLE","count":208},{"name":"KaVE.Commons.Utils.EqualityUtils.Equals(System.Collections.Generic.IDictionary`2[[TKey -\u003e TKey],[TValue -\u003e TValue]] self, System.Collections.Generic.IDictionary`2[[TKey -\u003e TKey],[TValue -\u003e TValue]] other)","type":"SIMPLE","count":20},{"name":"KaVE.Commons.Utils.EqualityUtils.DeepEquals(System.Collections.Generic.IDictionary`2[[TKey -\u003e TKey],[TValue -\u003e i:System.Collections.Generic.ISet`1[[T -\u003e TDValue]], System, 4.0.0.0]] self, System.Collections.Generic.IDictionary`2[[TKey -\u003e TKey],[TValue -\u003e i:System.Collections.Generic.ISet`1[[T -\u003e TDValue]], System, 4.0.0.0]] other)","type":"SIMPLE","count":10},{"name":"KaVE.Commons.Utils.EqualityUtils.DeepEquals(T[] self, T[] others)","type":"SIMPLE","count":10}]}]}