{"collections":[{"fullName":"KaVE.Commons.Model.Names.CSharp.EventName","methods":[{"name":"KaVE.Commons.Model.Names.CSharp.EventName.Get(System.String identifier)","type":"SIMPLE","count":74},{"name":"KaVE.Commons.Model.Names.CSharp.EventName.Get(System.String id, System.Object[] args)","type":"SIMPLE","count":4},{"name":"KaVE.Commons.Model.Names.CSharp.EventName.UnknownName","type":"PROP","count":14},{"name":"KaVE.Commons.Model.Names.CSharp.EventName(System.String identifier)","type":"CTOR","count":2},{"name":"KaVE.Commons.Model.Names.CSharp.EventName.HandlerType","type":"PROP","count":2}]}]}