{"collections":[{"fullName":"KaVE.Commons.Model.SSTs.Impl.References.EventReference","methods":[{"name":"KaVE.Commons.Model.SSTs.Impl.References.EventReference()","type":"CTOR","count":62},{"name":"KaVE.Commons.Model.SSTs.Impl.References.EventReference.Reference","type":"PROP","count":36},{"name":"KaVE.Commons.Model.SSTs.Impl.References.EventReference.EventName","type":"PROP","count":36},{"name":"KaVE.Commons.Model.SSTs.Impl.References.EventReference.GetHashCode()","type":"SIMPLE","count":20}]}]}