{"collections":[{"fullName":"KaVE.Commons.Utils.CodeCompletion.Impl.ExamplePBNRecommender","methods":[{"name":"KaVE.Commons.Utils.CodeCompletion.Impl.ExamplePBNRecommender.AddNode(System.String name, System.String[] states, System.Double[] probs)","type":"SIMPLE","count":2},{"name":"KaVE.Commons.Utils.CodeCompletion.Impl.ExamplePBNRecommender.AddMethod(System.String methodName, System.Double[] trueProbs)","type":"SIMPLE","count":6},{"name":"KaVE.Commons.Utils.CodeCompletion.Impl.ExamplePBNRecommender.ExpandProbs(System.Double[] in)","type":"SIMPLE","count":2},{"name":"KaVE.Commons.Utils.CodeCompletion.Impl.ExamplePBNRecommender.GetProbability(System.String name)","type":"SIMPLE","count":2},{"name":"KaVE.Commons.Utils.CodeCompletion.Impl.ExamplePBNRecommender()","type":"CTOR","count":2},{"name":"KaVE.Commons.Utils.CodeCompletion.Impl.ExamplePBNRecommender.GetProbabilities()","type":"SIMPLE","count":8},{"name":"KaVE.Commons.Utils.CodeCompletion.Impl.ExamplePBNRecommender.Set(System.String m)","type":"SIMPLE","count":8},{"name":"KaVE.Commons.Utils.CodeCompletion.Impl.ExamplePBNRecommender.Reset()","type":"SIMPLE","count":2}]}]}