{"collections":[{"fullName":"KaVE.Commons.Model.SSTs.Impl.References.FieldReference","methods":[{"name":"KaVE.Commons.Model.SSTs.Impl.References.FieldReference()","type":"CTOR","count":82},{"name":"KaVE.Commons.Model.SSTs.Impl.References.FieldReference.Reference","type":"PROP","count":40},{"name":"KaVE.Commons.Model.SSTs.Impl.References.FieldReference.FieldName","type":"PROP","count":52},{"name":"KaVE.Commons.Model.SSTs.Impl.References.FieldReference.GetHashCode()","type":"SIMPLE","count":20}]}]}