{"collections":[{"fullName":"KaVE.Commons.Model.Names.CSharp.FieldName","methods":[{"name":"KaVE.Commons.Model.Names.CSharp.FieldName.Get(System.String identifier)","type":"SIMPLE","count":110},{"name":"KaVE.Commons.Model.Names.CSharp.FieldName.Get(System.String identifier, System.Object[] args)","type":"SIMPLE","count":20},{"name":"KaVE.Commons.Model.Names.CSharp.FieldName.UnknownName","type":"PROP","count":14},{"name":"KaVE.Commons.Model.Names.CSharp.FieldName(System.String identifier)","type":"CTOR","count":2}]}]}