{"collections":[{"fullName":"KaVE.Commons.Utils.Collections.FifoCache`2[[TKey -\u003e p:int],[TValue -\u003e p:int]]","methods":[{"name":"KaVE.Commons.Utils.Collections.FifoCache`2[[TKey -\u003e p:int],[TValue -\u003e p:int]](System.Int32 maxCacheSize)","type":"CTOR","count":22},{"name":"KaVE.Commons.Utils.Collections.FifoCache`2[[TKey -\u003e p:int],[TValue -\u003e p:int]].SetValue(TKey key, TValue context)","type":"SIMPLE","count":34},{"name":"KaVE.Commons.Utils.Collections.FifoCache`2[[TKey -\u003e p:int],[TValue -\u003e p:int]].GetValue(TKey hashCode)","type":"SIMPLE","count":2}]},{"fullName":"KaVE.Commons.Utils.Collections.FifoCache`2[[TKey -\u003e p:int],[TValue -\u003e KaVE.Commons.Model.Events.CompletionEvents.Context, KaVE.Commons]]","methods":[{"name":"KaVE.Commons.Utils.Collections.FifoCache`2[[TKey -\u003e p:int],[TValue -\u003e KaVE.Commons.Model.Events.CompletionEvents.Context, KaVE.Commons]](System.Int32 maxCacheSize)","type":"CTOR","count":2},{"name":"KaVE.Commons.Utils.Collections.FifoCache`2[[TKey -\u003e p:int],[TValue -\u003e KaVE.Commons.Model.Events.CompletionEvents.Context, KaVE.Commons]].ContainsKey(TKey key)","type":"SIMPLE","count":2},{"name":"KaVE.Commons.Utils.Collections.FifoCache`2[[TKey -\u003e p:int],[TValue -\u003e KaVE.Commons.Model.Events.CompletionEvents.Context, KaVE.Commons]].GetValue(TKey hashCode)","type":"SIMPLE","count":2},{"name":"KaVE.Commons.Utils.Collections.FifoCache`2[[TKey -\u003e p:int],[TValue -\u003e KaVE.Commons.Model.Events.CompletionEvents.Context, KaVE.Commons]].SetValue(TKey key, TValue context)","type":"SIMPLE","count":2}]}]}