{"collections":[{"fullName":"KaVE.Commons.Utils.Histograms.FlatHistogram","methods":[{"name":"KaVE.Commons.Utils.Histograms.FlatHistogram(System.Int32 numBins)","type":"CTOR","count":10},{"name":"KaVE.Commons.Utils.Histograms.FlatHistogram.Add(System.Int32 binOneBased, System.Int32 maxBin)","type":"SIMPLE","count":40},{"name":"KaVE.Commons.Utils.Histograms.FlatHistogram.GetBins()","type":"SIMPLE","count":4},{"name":"KaVE.Commons.Utils.Histograms.FlatHistogram.GetSize()","type":"SIMPLE","count":10},{"name":"KaVE.Commons.Utils.Histograms.FlatHistogram.ToString()","type":"SIMPLE","count":2}]}]}