{"collections":[{"fullName":"KaVE.Commons.Model.SSTs.Impl.Blocks.ForEachLoop","methods":[{"name":"KaVE.Commons.Model.SSTs.Impl.Blocks.ForEachLoop()","type":"CTOR","count":68},{"name":"KaVE.Commons.Model.SSTs.Impl.Blocks.ForEachLoop.Declaration","type":"PROP","count":40},{"name":"KaVE.Commons.Model.SSTs.Impl.Blocks.ForEachLoop.LoopedReference","type":"PROP","count":38},{"name":"KaVE.Commons.Model.SSTs.Impl.Blocks.ForEachLoop.Body","type":"PROP","count":46},{"name":"KaVE.Commons.Model.SSTs.Impl.Blocks.ForEachLoop.GetHashCode()","type":"SIMPLE","count":24}]}]}