{"collections":[{"fullName":"KaVE.Commons.Model.SSTs.Impl.Blocks.ForLoop","methods":[{"name":"KaVE.Commons.Model.SSTs.Impl.Blocks.ForLoop()","type":"CTOR","count":88},{"name":"KaVE.Commons.Model.SSTs.Impl.Blocks.ForLoop.Condition","type":"PROP","count":44},{"name":"KaVE.Commons.Model.SSTs.Impl.Blocks.ForLoop.Init","type":"PROP","count":44},{"name":"KaVE.Commons.Model.SSTs.Impl.Blocks.ForLoop.Step","type":"PROP","count":42},{"name":"KaVE.Commons.Model.SSTs.Impl.Blocks.ForLoop.Body","type":"PROP","count":46},{"name":"KaVE.Commons.Model.SSTs.Impl.Blocks.ForLoop.GetHashCode()","type":"SIMPLE","count":28}]}]}