{"collections":[{"fullName":"KaVE.Commons.Utils.HashCodeUtils","methods":[{"name":"KaVE.Commons.Utils.HashCodeUtils.For(System.Int32 seed, System.Collections.Generic.IEnumerable`1[[T -\u003e T]] vs)","type":"SIMPLE","count":16},{"name":"KaVE.Commons.Utils.HashCodeUtils.For(System.Int32 seed, System.Collections.Generic.IDictionary`2[[TKey -\u003e T1],[TValue -\u003e T2]] d)","type":"SIMPLE","count":16},{"name":"KaVE.Commons.Utils.HashCodeUtils.For(System.Int32 seed, System.Collections.Generic.IDictionary`2[[TKey -\u003e T1],[TValue -\u003e i:System.Collections.Generic.IEnumerable`1[[T -\u003e T2]], mscorlib, 4.0.0.0]] d)","type":"SIMPLE","count":30},{"name":"KaVE.Commons.Utils.HashCodeUtils.For(System.Int32 seed, System.Collections.Generic.IDictionary`2[[TKey -\u003e T1],[TValue -\u003e i:System.Collections.Generic.ISet`1[[T -\u003e T2]], System, 4.0.0.0]] d)","type":"SIMPLE","count":4}]}]}