{"collections":[{"fullName":"KaVE.Commons.Utils.Histograms.Histogram","methods":[{"name":"KaVE.Commons.Utils.Histograms.Histogram(System.Int32 numSlots)","type":"CTOR","count":30},{"name":"KaVE.Commons.Utils.Histograms.Histogram.Add(System.Int32 slot)","type":"SIMPLE","count":30},{"name":"KaVE.Commons.Utils.Histograms.Histogram.ValuesRelative","type":"PROP","count":2},{"name":"KaVE.Commons.Utils.Histograms.Histogram.Values","type":"PROP","count":4},{"name":"KaVE.Commons.Utils.Histograms.Histogram.NumValues","type":"PROP","count":8},{"name":"KaVE.Commons.Utils.Histograms.Histogram.CreateNewDictionary(T defaultValue)","type":"SIMPLE","count":4},{"name":"KaVE.Commons.Utils.Histograms.Histogram.IsEmpty","type":"PROP","count":2}]}]}