{"collections":[{"fullName":"KaVE.Commons.Model.Events.IDEEvent","methods":[{"name":"KaVE.Commons.Model.Events.IDEEvent.TriggeredAt","type":"PROP","count":464},{"name":"KaVE.Commons.Model.Events.IDEEvent.ActiveDocument","type":"PROP","count":124},{"name":"KaVE.Commons.Model.Events.IDEEvent.IDESessionUUID","type":"PROP","count":182},{"name":"KaVE.Commons.Model.Events.IDEEvent.TriggeredBy","type":"PROP","count":114},{"name":"KaVE.Commons.Model.Events.IDEEvent.TerminatedAt","type":"PROP","count":84},{"name":"KaVE.Commons.Model.Events.IDEEvent.Equals(System.Object obj)","type":"SIMPLE","count":40},{"name":"KaVE.Commons.Model.Events.IDEEvent.GetHashCode()","type":"SIMPLE","count":62},{"name":"KaVE.Commons.Model.Events.IDEEvent.ToString()","type":"SIMPLE","count":4},{"name":"KaVE.Commons.Model.Events.IDEEvent.Duration","type":"PROP","count":84},{"name":"(KaVE.Commons.Model.Events.IDEEvent) object","type":"CAST","count":2},{"name":"KaVE.Commons.Model.Events.IDEEvent.KaVEVersion","type":"PROP","count":56},{"name":"KaVE.Commons.Model.Events.IDEEvent.ActiveWindow","type":"PROP","count":68},{"name":"KaVE.Commons.Model.Events.IDEEvent.Id","type":"PROP","count":42}]}]}