{"collections":[{"fullName":"KaVE.Commons.Model.Events.VisualStudio.IDEStateEvent","methods":[{"name":"KaVE.Commons.Model.Events.VisualStudio.IDEStateEvent()","type":"CTOR","count":32},{"name":"KaVE.Commons.Model.Events.VisualStudio.IDEStateEvent.IDELifecyclePhase","type":"PROP","count":56},{"name":"KaVE.Commons.Model.Events.VisualStudio.IDEStateEvent.OpenWindows","type":"PROP","count":30},{"name":"KaVE.Commons.Model.Events.VisualStudio.IDEStateEvent.OpenDocuments","type":"PROP","count":26},{"name":"(KaVE.Commons.Model.Events.VisualStudio.IDEStateEvent) object","type":"CAST","count":6}]}]}