{"collections":[{"fullName":"KaVE.Commons.Model.SSTs.Impl.Expressions.Assignable.IfElseExpression","methods":[{"name":"KaVE.Commons.Model.SSTs.Impl.Expressions.Assignable.IfElseExpression()","type":"CTOR","count":68},{"name":"KaVE.Commons.Model.SSTs.Impl.Expressions.Assignable.IfElseExpression.Condition","type":"PROP","count":42},{"name":"KaVE.Commons.Model.SSTs.Impl.Expressions.Assignable.IfElseExpression.ThenExpression","type":"PROP","count":42},{"name":"KaVE.Commons.Model.SSTs.Impl.Expressions.Assignable.IfElseExpression.ElseExpression","type":"PROP","count":42},{"name":"KaVE.Commons.Model.SSTs.Impl.Expressions.Assignable.IfElseExpression.GetHashCode()","type":"SIMPLE","count":24}]}]}