{"collections":[{"fullName":"KaVE.Commons.Utils.IO.IIoUtils","methods":[{"name":"KaVE.Commons.Utils.IO.IIoUtils.GetFilesRecursive(System.String path, System.String searchPattern)","type":"SIMPLE","count":6},{"name":"KaVE.Commons.Utils.IO.IIoUtils.ReadArchive(System.String fileName)","type":"SIMPLE","count":6},{"name":"KaVE.Commons.Utils.IO.IIoUtils.CreateArchive(System.String fileName)","type":"SIMPLE","count":6},{"name":"KaVE.Commons.Utils.IO.IIoUtils.CreateDirectory(System.String path)","type":"SIMPLE","count":8},{"name":"KaVE.Commons.Utils.IO.IIoUtils.OpenFile(System.String file, System.IO.FileMode mode, System.IO.FileAccess access)","type":"SIMPLE","count":26},{"name":"KaVE.Commons.Utils.IO.IIoUtils.DeleteFile(System.String fileName)","type":"SIMPLE","count":18},{"name":"KaVE.Commons.Utils.IO.IIoUtils.MoveFile(System.String source, System.String target)","type":"SIMPLE","count":8},{"name":"KaVE.Commons.Utils.IO.IIoUtils.CreateFile(System.String path)","type":"SIMPLE","count":6},{"name":"KaVE.Commons.Utils.IO.IIoUtils.DeleteDirectoryWithContent(System.String path)","type":"SIMPLE","count":4},{"name":"KaVE.Commons.Utils.IO.IIoUtils.GetFileSize(System.String fileName)","type":"SIMPLE","count":6},{"name":"KaVE.Commons.Utils.IO.IIoUtils.GetFiles(System.String path, System.String searchPattern)","type":"SIMPLE","count":4},{"name":"KaVE.Commons.Utils.IO.IIoUtils.FileExists(System.String fileName)","type":"SIMPLE","count":14},{"name":"KaVE.Commons.Utils.IO.IIoUtils.CountLines(System.String fileName)","type":"SIMPLE","count":4},{"name":"KaVE.Commons.Utils.IO.IIoUtils.GetTempFileName()","type":"SIMPLE","count":4},{"name":"KaVE.Commons.Utils.IO.IIoUtils.UnzipToTempFolder(System.String input)","type":"SIMPLE","count":4},{"name":"KaVE.Commons.Utils.IO.IIoUtils.DirectoryExists(System.String path)","type":"SIMPLE","count":2},{"name":"KaVE.Commons.Utils.IO.IIoUtils.TransferByHttp(System.Net.Http.HttpContent content, System.Uri targetUri)","type":"SIMPLE","count":10}]}]}