{"collections":[{"fullName":"KaVE.Commons.Utils.Collections.IKaVESet`1[[T -\u003e p:string]]","methods":[{"name":"KaVE.Commons.Utils.Collections.IKaVESet`1[[T -\u003e p:string]].Add(T item)","type":"SIMPLE","count":78},{"name":"KaVE.Commons.Utils.Collections.IKaVESet`1[[T -\u003e p:string]].AddAll(System.Collections.Generic.IEnumerable`1[[T -\u003e T]] items)","type":"SIMPLE","count":6}]},{"fullName":"KaVE.Commons.Utils.Collections.IKaVESet`1[[T -\u003e KaVE.RS.SolutionAnalysis.SortByUser.User, KaVE.RS.SolutionAnalysis]]","methods":[{"name":"KaVE.Commons.Utils.Collections.IKaVESet`1[[T -\u003e KaVE.RS.SolutionAnalysis.SortByUser.User, KaVE.RS.SolutionAnalysis]].Add(T item)","type":"SIMPLE","count":6}]},{"fullName":"KaVE.Commons.Utils.Collections.IKaVESet`1[[T -\u003e i:KaVE.Commons.Model.TypeShapes.IMethodHierarchy, KaVE.Commons]]","methods":[{"name":"KaVE.Commons.Utils.Collections.IKaVESet`1[[T -\u003e i:KaVE.Commons.Model.TypeShapes.IMethodHierarchy, KaVE.Commons]].Add(T item)","type":"SIMPLE","count":28}]},{"fullName":"KaVE.Commons.Utils.Collections.IKaVESet`1[[T -\u003e i:KaVE.Commons.Model.SSTs.Declarations.IMethodDeclaration, KaVE.Commons]]","methods":[{"name":"KaVE.Commons.Utils.Collections.IKaVESet`1[[T -\u003e i:KaVE.Commons.Model.SSTs.Declarations.IMethodDeclaration, KaVE.Commons]].Add(T item)","type":"SIMPLE","count":72}]},{"fullName":"KaVE.Commons.Utils.Collections.IKaVESet`1[[T -\u003e i:KaVE.Commons.Model.TypeShapes.ITypeHierarchy, KaVE.Commons]]","methods":[{"name":"KaVE.Commons.Utils.Collections.IKaVESet`1[[T -\u003e i:KaVE.Commons.Model.TypeShapes.ITypeHierarchy, KaVE.Commons]].Add(T item)","type":"SIMPLE","count":34}]},{"fullName":"KaVE.Commons.Utils.Collections.IKaVESet`1[[T -\u003e i:KaVE.Commons.Model.SSTs.Declarations.IDelegateDeclaration, KaVE.Commons]]","methods":[{"name":"KaVE.Commons.Utils.Collections.IKaVESet`1[[T -\u003e i:KaVE.Commons.Model.SSTs.Declarations.IDelegateDeclaration, KaVE.Commons]].Add(T item)","type":"SIMPLE","count":24}]},{"fullName":"KaVE.Commons.Utils.Collections.IKaVESet`1[[T -\u003e i:KaVE.Commons.Model.SSTs.Declarations.IEventDeclaration, KaVE.Commons]]","methods":[{"name":"KaVE.Commons.Utils.Collections.IKaVESet`1[[T -\u003e i:KaVE.Commons.Model.SSTs.Declarations.IEventDeclaration, KaVE.Commons]].Add(T item)","type":"SIMPLE","count":26}]},{"fullName":"KaVE.Commons.Utils.Collections.IKaVESet`1[[T -\u003e i:KaVE.Commons.Model.SSTs.Declarations.IFieldDeclaration, KaVE.Commons]]","methods":[{"name":"KaVE.Commons.Utils.Collections.IKaVESet`1[[T -\u003e i:KaVE.Commons.Model.SSTs.Declarations.IFieldDeclaration, KaVE.Commons]].Add(T item)","type":"SIMPLE","count":32}]},{"fullName":"KaVE.Commons.Utils.Collections.IKaVESet`1[[T -\u003e i:KaVE.Commons.Model.SSTs.Declarations.IPropertyDeclaration, KaVE.Commons]]","methods":[{"name":"KaVE.Commons.Utils.Collections.IKaVESet`1[[T -\u003e i:KaVE.Commons.Model.SSTs.Declarations.IPropertyDeclaration, KaVE.Commons]].Add(T item)","type":"SIMPLE","count":34}]},{"fullName":"KaVE.Commons.Utils.Collections.IKaVESet`1[[T -\u003e KaVE.Commons.Model.ObjectUsage.CoReProposal, KaVE.Commons]]","methods":[{"name":"KaVE.Commons.Utils.Collections.IKaVESet`1[[T -\u003e KaVE.Commons.Model.ObjectUsage.CoReProposal, KaVE.Commons]].Add(T item)","type":"SIMPLE","count":2}]},{"fullName":"KaVE.Commons.Utils.Collections.IKaVESet`1[[T -\u003e i:KaVE.Commons.Model.Names.INamespaceName, KaVE.Commons]]","methods":[{"name":"KaVE.Commons.Utils.Collections.IKaVESet`1[[T -\u003e i:KaVE.Commons.Model.Names.INamespaceName, KaVE.Commons]].Add(T item)","type":"SIMPLE","count":18}]},{"fullName":"KaVE.Commons.Utils.Collections.IKaVESet`1[[T -\u003e p:int]]","methods":[{"name":"KaVE.Commons.Utils.Collections.IKaVESet`1[[T -\u003e p:int]].Add(T item)","type":"SIMPLE","count":24},{"name":"KaVE.Commons.Utils.Collections.IKaVESet`1[[T -\u003e p:int]].AddAll(System.Collections.Generic.IEnumerable`1[[T -\u003e T]] items)","type":"SIMPLE","count":2}]},{"fullName":"KaVE.Commons.Utils.Collections.IKaVESet`1[[T -\u003e p:object]]","methods":[{"name":"KaVE.Commons.Utils.Collections.IKaVESet`1[[T -\u003e p:object]].Add(T item)","type":"SIMPLE","count":2}]},{"fullName":"KaVE.Commons.Utils.Collections.IKaVESet`1[[T -\u003e KaVE.Commons.Model.Events.IDEEvent, KaVE.Commons]]","methods":[{"name":"KaVE.Commons.Utils.Collections.IKaVESet`1[[T -\u003e KaVE.Commons.Model.Events.IDEEvent, KaVE.Commons]].Add(T item)","type":"SIMPLE","count":2}]},{"fullName":"KaVE.Commons.Utils.Collections.IKaVESet`1[[T -\u003e s:System.DateTime, mscorlib, 4.0.0.0]]","methods":[{"name":"KaVE.Commons.Utils.Collections.IKaVESet`1[[T -\u003e s:System.DateTime, mscorlib, 4.0.0.0]].Add(T item)","type":"SIMPLE","count":2}]}]}