{"collections":[{"fullName":"KaVE.Commons.Utils.Collections.IKaVEList`1[[T -\u003e KaVE.RS.SolutionAnalysis.Episodes.Event, KaVE.RS.SolutionAnalysis]]","methods":[{"name":"KaVE.Commons.Utils.Collections.IKaVEList`1[[T -\u003e KaVE.RS.SolutionAnalysis.Episodes.Event, KaVE.RS.SolutionAnalysis]].Add(T item)","type":"SIMPLE","count":2}]},{"fullName":"KaVE.Commons.Utils.Collections.IKaVEList`1[[T -\u003e KaVE.Commons.Model.Events.IDEEvent, KaVE.Commons]]","methods":[{"name":"KaVE.Commons.Utils.Collections.IKaVEList`1[[T -\u003e KaVE.Commons.Model.Events.IDEEvent, KaVE.Commons]].AddAll(System.Collections.Generic.IEnumerable`1[[T -\u003e T]] items)","type":"SIMPLE","count":2}]},{"fullName":"KaVE.Commons.Utils.Collections.IKaVEList`1[[T -\u003e i:KaVE.Commons.Model.Events.UserProfiles.IUserProfileEvent, KaVE.Commons]]","methods":[{"name":"KaVE.Commons.Utils.Collections.IKaVEList`1[[T -\u003e i:KaVE.Commons.Model.Events.UserProfiles.IUserProfileEvent, KaVE.Commons]].Add(T item)","type":"SIMPLE","count":2}]},{"fullName":"KaVE.Commons.Utils.Collections.IKaVEList`1[[T -\u003e KaVE.Commons.Model.Events.UserProfiles.UserProfileEvent, KaVE.Commons]]","methods":[{"name":"KaVE.Commons.Utils.Collections.IKaVEList`1[[T -\u003e KaVE.Commons.Model.Events.UserProfiles.UserProfileEvent, KaVE.Commons]].Add(T item)","type":"SIMPLE","count":2}]},{"fullName":"KaVE.Commons.Utils.Collections.IKaVEList`1[[T -\u003e i:KaVE.Commons.Model.SSTs.IStatement, KaVE.Commons]]","methods":[{"name":"KaVE.Commons.Utils.Collections.IKaVEList`1[[T -\u003e i:KaVE.Commons.Model.SSTs.IStatement, KaVE.Commons]].Add(T item)","type":"SIMPLE","count":1014}]},{"fullName":"KaVE.Commons.Utils.Collections.IKaVEList`1[[T -\u003e i:KaVE.Commons.Model.SSTs.References.IVariableReference, KaVE.Commons]]","methods":[{"name":"KaVE.Commons.Utils.Collections.IKaVEList`1[[T -\u003e i:KaVE.Commons.Model.SSTs.References.IVariableReference, KaVE.Commons]].Add(T item)","type":"SIMPLE","count":30}]},{"fullName":"KaVE.Commons.Utils.Collections.IKaVEList`1[[T -\u003e i:KaVE.Commons.Model.SSTs.Blocks.ICaseBlock, KaVE.Commons]]","methods":[{"name":"KaVE.Commons.Utils.Collections.IKaVEList`1[[T -\u003e i:KaVE.Commons.Model.SSTs.Blocks.ICaseBlock, KaVE.Commons]].Add(T item)","type":"SIMPLE","count":38}]},{"fullName":"KaVE.Commons.Utils.Collections.IKaVEList`1[[T -\u003e i:KaVE.Commons.Model.SSTs.Blocks.ICatchBlock, KaVE.Commons]]","methods":[{"name":"KaVE.Commons.Utils.Collections.IKaVEList`1[[T -\u003e i:KaVE.Commons.Model.SSTs.Blocks.ICatchBlock, KaVE.Commons]].Add(T item)","type":"SIMPLE","count":50}]},{"fullName":"KaVE.Commons.Utils.Collections.IKaVEList`1[[T -\u003e i:KaVE.Commons.Model.SSTs.Expressions.ISimpleExpression, KaVE.Commons]]","methods":[{"name":"KaVE.Commons.Utils.Collections.IKaVEList`1[[T -\u003e i:KaVE.Commons.Model.SSTs.Expressions.ISimpleExpression, KaVE.Commons]].Add(T item)","type":"SIMPLE","count":98}]},{"fullName":"KaVE.Commons.Utils.Collections.IKaVEList`1[[T -\u003e p:string]]","methods":[{"name":"KaVE.Commons.Utils.Collections.IKaVEList`1[[T -\u003e p:string]].Add(T item)","type":"SIMPLE","count":4},{"name":"KaVE.Commons.Utils.Collections.IKaVEList`1[[T -\u003e p:string]].AddAll(System.Collections.Generic.IEnumerable`1[[T -\u003e T]] items)","type":"SIMPLE","count":2}]},{"fullName":"KaVE.Commons.Utils.Collections.IKaVEList`1[[T -\u003e i:KaVE.Commons.Model.Events.CompletionEvents.IProposalSelection, KaVE.Commons]]","methods":[{"name":"KaVE.Commons.Utils.Collections.IKaVEList`1[[T -\u003e i:KaVE.Commons.Model.Events.CompletionEvents.IProposalSelection, KaVE.Commons]].Add(T item)","type":"SIMPLE","count":42}]},{"fullName":"KaVE.Commons.Utils.Collections.IKaVEList`1[[T -\u003e KaVE.Commons.Model.Events.VersionControlEvents.VersionControlAction, KaVE.Commons]]","methods":[{"name":"KaVE.Commons.Utils.Collections.IKaVEList`1[[T -\u003e KaVE.Commons.Model.Events.VersionControlEvents.VersionControlAction, KaVE.Commons]].Add(T item)","type":"SIMPLE","count":2}]},{"fullName":"KaVE.Commons.Utils.Collections.IKaVEList`1[[T -\u003e i:KaVE.Commons.Model.Events.VersionControlEvents.IVersionControlAction, KaVE.Commons]]","methods":[{"name":"KaVE.Commons.Utils.Collections.IKaVEList`1[[T -\u003e i:KaVE.Commons.Model.Events.VersionControlEvents.IVersionControlAction, KaVE.Commons]].Add(T item)","type":"SIMPLE","count":6}]},{"fullName":"KaVE.Commons.Utils.Collections.IKaVEList`1[[T -\u003e i:KaVE.Commons.Model.Events.CompletionEvents.IProposal, KaVE.Commons]]","methods":[{"name":"KaVE.Commons.Utils.Collections.IKaVEList`1[[T -\u003e i:KaVE.Commons.Model.Events.CompletionEvents.IProposal, KaVE.Commons]].Add(T item)","type":"SIMPLE","count":4}]},{"fullName":"KaVE.Commons.Utils.Collections.IKaVEList`1[[T -\u003e i:KaVE.Commons.Model.SSTs.Visitor.ISSTNode, KaVE.Commons]]","methods":[{"name":"KaVE.Commons.Utils.Collections.IKaVEList`1[[T -\u003e i:KaVE.Commons.Model.SSTs.Visitor.ISSTNode, KaVE.Commons]].Add(T item)","type":"SIMPLE","count":28}]},{"fullName":"KaVE.Commons.Utils.Collections.IKaVEList`1[[T -\u003e KaVE.Commons.Model.ObjectUsage.Query, KaVE.Commons]]","methods":[{"name":"KaVE.Commons.Utils.Collections.IKaVEList`1[[T -\u003e KaVE.Commons.Model.ObjectUsage.Query, KaVE.Commons]].Add(T item)","type":"SIMPLE","count":4}]},{"fullName":"KaVE.Commons.Utils.Collections.IKaVEList`1[[T -\u003e p:int]]","methods":[{"name":"KaVE.Commons.Utils.Collections.IKaVEList`1[[T -\u003e p:int]].Add(T item)","type":"SIMPLE","count":4}]},{"fullName":"KaVE.Commons.Utils.Collections.IKaVEList`1[[T -\u003e p:object]]","methods":[{"name":"KaVE.Commons.Utils.Collections.IKaVEList`1[[T -\u003e p:object]].Add(T item)","type":"SIMPLE","count":2}]},{"fullName":"KaVE.Commons.Utils.Collections.IKaVEList`1[[T -\u003e i:KaVE.Commons.Model.Names.ITypeName, KaVE.Commons]]","methods":[{"name":"KaVE.Commons.Utils.Collections.IKaVEList`1[[T -\u003e i:KaVE.Commons.Model.Names.ITypeName, KaVE.Commons]].Add(T item)","type":"SIMPLE","count":6}]},{"fullName":"KaVE.Commons.Utils.Collections.IKaVEList`1[[T -\u003e i:KaVE.Commons.Utils.Collections.IKaVEList`1[[T -\u003e KaVE.Commons.Model.Events.IDEEvent, KaVE.Commons]], KaVE.Commons]]","methods":[{"name":"KaVE.Commons.Utils.Collections.IKaVEList`1[[T -\u003e i:KaVE.Commons.Utils.Collections.IKaVEList`1[[T -\u003e KaVE.Commons.Model.Events.IDEEvent, KaVE.Commons]], KaVE.Commons]].Add(T item)","type":"SIMPLE","count":4}]},{"fullName":"KaVE.Commons.Utils.Collections.IKaVEList`1[[T -\u003e KaVE.FeedbackProcessor.Activities.Model.ActivityEvent, KaVE.FeedbackProcessor]]","methods":[{"name":"KaVE.Commons.Utils.Collections.IKaVEList`1[[T -\u003e KaVE.FeedbackProcessor.Activities.Model.ActivityEvent, KaVE.FeedbackProcessor]].Add(T item)","type":"SIMPLE","count":2}]}]}