{"collections":[{"fullName":"KaVE.Commons.Utils.Logging.ILogWriter`1[[TMessage -\u003e KaVE.Commons.Model.Events.IDEEvent, KaVE.Commons]]","methods":[{"name":"KaVE.Commons.Utils.Logging.ILogWriter`1[[TMessage -\u003e KaVE.Commons.Model.Events.IDEEvent, KaVE.Commons]].Write(TMessage message)","type":"SIMPLE","count":2}]},{"fullName":"KaVE.Commons.Utils.Logging.ILogWriter`1[[TMessage -\u003e p:object]]","methods":[{"name":"KaVE.Commons.Utils.Logging.ILogWriter`1[[TMessage -\u003e p:object]].Write(TMessage message)","type":"SIMPLE","count":8},{"name":"KaVE.Commons.Utils.Logging.ILogWriter`1[[TMessage -\u003e p:object]].WriteAll(System.Collections.Generic.IEnumerable`1[[T -\u003e TMessage]] messages)","type":"SIMPLE","count":2}]}]}