{"collections":[{"fullName":"KaVE.Commons.Utils.Logging.ILogReader`1[[TMessage -\u003e KaVE.Commons.Model.Events.IDEEvent, KaVE.Commons]]","methods":[{"name":"KaVE.Commons.Utils.Logging.ILogReader`1[[TMessage -\u003e KaVE.Commons.Model.Events.IDEEvent, KaVE.Commons]].ReadAll()","type":"SIMPLE","count":2},{"name":"KaVE.Commons.Utils.Logging.ILogReader`1[[TMessage -\u003e KaVE.Commons.Model.Events.IDEEvent, KaVE.Commons]].ReadNext()","type":"SIMPLE","count":2}]},{"fullName":"KaVE.Commons.Utils.Logging.ILogReader`1[[TMessage -\u003e KaVE.Commons.Tests.Utils.Json.SerializationTestTarget, KaVE.Commons.Tests]]","methods":[{"name":"KaVE.Commons.Utils.Logging.ILogReader`1[[TMessage -\u003e KaVE.Commons.Tests.Utils.Json.SerializationTestTarget, KaVE.Commons.Tests]].ReadNext()","type":"SIMPLE","count":20},{"name":"KaVE.Commons.Utils.Logging.ILogReader`1[[TMessage -\u003e KaVE.Commons.Tests.Utils.Json.SerializationTestTarget, KaVE.Commons.Tests]].ReadAll()","type":"SIMPLE","count":6}]}]}