{"collections":[{"fullName":"KaVE.Commons.Utils.Exceptions.ILogger","methods":[{"name":"KaVE.Commons.Utils.Exceptions.ILogger.Info(System.String info, System.Object[] args)","type":"SIMPLE","count":88},{"name":"KaVE.Commons.Utils.Exceptions.ILogger.Error(System.Exception exception, System.String content, System.Object[] args)","type":"SIMPLE","count":26},{"name":"KaVE.Commons.Utils.Exceptions.ILogger.Error(System.Exception exception)","type":"SIMPLE","count":14},{"name":"KaVE.Commons.Utils.Exceptions.ILogger.Error(System.String content, System.Object[] args)","type":"SIMPLE","count":14}]}]}