{"collections":[{"fullName":"KaVE.Commons.Model.Names.IMethodName","methods":[{"name":"KaVE.Commons.Model.Names.IMethodName.Parameters","type":"PROP","count":14},{"name":"KaVE.Commons.Model.Names.IMethodName.HasParameters","type":"PROP","count":2},{"name":"KaVE.Commons.Model.Names.IMethodName.ReturnType","type":"PROP","count":4},{"name":"KaVE.Commons.Model.Names.IMethodName.IsConstructor","type":"PROP","count":12},{"name":"(KaVE.Commons.Model.Names.IMethodName) object","type":"CAST","count":8}]}]}