{"collections":[{"fullName":"KaVE.Commons.Model.SSTs.Impl.References.IndexAccessReference","methods":[{"name":"KaVE.Commons.Model.SSTs.Impl.References.IndexAccessReference()","type":"CTOR","count":36},{"name":"KaVE.Commons.Model.SSTs.Impl.References.IndexAccessReference.Expression","type":"PROP","count":30},{"name":"(KaVE.Commons.Model.SSTs.Impl.References.IndexAccessReference) object","type":"CAST","count":2},{"name":"KaVE.Commons.Model.SSTs.Impl.References.IndexAccessReference.Equals(KaVE.Commons.Model.SSTs.Impl.References.IndexAccessReference other)","type":"SIMPLE","count":2},{"name":"KaVE.Commons.Model.SSTs.Impl.References.IndexAccessReference.GetHashCode()","type":"SIMPLE","count":16}]}]}