{"collections":[{"fullName":"KaVE.Commons.Model.SSTs.Impl.Expressions.Assignable.IndexAccessExpression","methods":[{"name":"KaVE.Commons.Model.SSTs.Impl.Expressions.Assignable.IndexAccessExpression()","type":"CTOR","count":78},{"name":"KaVE.Commons.Model.SSTs.Impl.Expressions.Assignable.IndexAccessExpression.Reference","type":"PROP","count":60},{"name":"KaVE.Commons.Model.SSTs.Impl.Expressions.Assignable.IndexAccessExpression.Indices","type":"PROP","count":58},{"name":"(KaVE.Commons.Model.SSTs.Impl.Expressions.Assignable.IndexAccessExpression) object","type":"CAST","count":2},{"name":"KaVE.Commons.Model.SSTs.Impl.Expressions.Assignable.IndexAccessExpression.Equals(KaVE.Commons.Model.SSTs.Impl.Expressions.Assignable.IndexAccessExpression other)","type":"SIMPLE","count":2},{"name":"KaVE.Commons.Model.SSTs.Impl.Expressions.Assignable.IndexAccessExpression.GetHashCode()","type":"SIMPLE","count":20}]}]}