{"collections":[{"fullName":"KaVE.Commons.Model.SSTs.Impl.Expressions.Assignable.InvocationExpression","methods":[{"name":"KaVE.Commons.Model.SSTs.Impl.Expressions.Assignable.InvocationExpression()","type":"CTOR","count":146},{"name":"KaVE.Commons.Model.SSTs.Impl.Expressions.Assignable.InvocationExpression.Reference","type":"PROP","count":102},{"name":"KaVE.Commons.Model.SSTs.Impl.Expressions.Assignable.InvocationExpression.MethodName","type":"PROP","count":118},{"name":"KaVE.Commons.Model.SSTs.Impl.Expressions.Assignable.InvocationExpression.Parameters","type":"PROP","count":64},{"name":"KaVE.Commons.Model.SSTs.Impl.Expressions.Assignable.InvocationExpression.GetHashCode()","type":"SIMPLE","count":20}]}]}