{"collections":[{"fullName":"KaVE.Commons.Utils.Invoke","methods":[{"name":"KaVE.Commons.Utils.Invoke.OnSTA(System.Action action)","type":"SIMPLE","count":6},{"name":"KaVE.Commons.Utils.Invoke.OnSTA(System.Func`1[[TResult -\u003e TResult]] action)","type":"SIMPLE","count":6},{"name":"KaVE.Commons.Utils.Invoke.Later(System.Action action, System.Int64 delayInMillis)","type":"SIMPLE","count":10},{"name":"KaVE.Commons.Utils.Invoke.Later(System.Action action, System.Int64 delayInMillis, System.Action finishedAction)","type":"SIMPLE","count":6},{"name":"KaVE.Commons.Utils.Invoke.IsSTAInitialized()","type":"SIMPLE","count":2},{"name":"KaVE.Commons.Utils.Invoke.OnExistingSTA(System.Func`1[[TResult -\u003e TResult]] action)","type":"SIMPLE","count":2},{"name":"KaVE.Commons.Utils.Invoke.OnNewSTA(System.Func`1[[TResult -\u003e TResult]] action)","type":"SIMPLE","count":2},{"name":"KaVE.Commons.Utils.Invoke.Async(System.Action action)","type":"SIMPLE","count":2},{"name":"KaVE.Commons.Utils.Invoke.Later(System.Action action, System.DateTime executionDateTime)","type":"SIMPLE","count":6},{"name":"KaVE.Commons.Utils.Invoke.Later(System.Action action, System.DateTime executionDateTime, System.Action finishedAction)","type":"SIMPLE","count":2}]}]}