{"collections":[{"fullName":"KaVE.Commons.Utils.IO.IoUtils","methods":[{"name":"KaVE.Commons.Utils.IO.IoUtils()","type":"CTOR","count":6},{"name":"KaVE.Commons.Utils.IO.IoUtils.CreateFile(System.String path)","type":"SIMPLE","count":6},{"name":"KaVE.Commons.Utils.IO.IoUtils.CreateDirectory(System.String path)","type":"SIMPLE","count":4},{"name":"KaVE.Commons.Utils.IO.IoUtils.TransferByHttp(System.Net.Http.HttpContent content, System.Uri targetUri)","type":"SIMPLE","count":2},{"name":"KaVE.Commons.Utils.IO.IoUtils.GetTempFileName()","type":"SIMPLE","count":6},{"name":"KaVE.Commons.Utils.IO.IoUtils.GetTempFileName(System.String extension)","type":"SIMPLE","count":8},{"name":"KaVE.Commons.Utils.IO.IoUtils.GetTempDirectoryName()","type":"SIMPLE","count":8},{"name":"KaVE.Commons.Utils.IO.IoUtils.DeleteDirectoryWithContent(System.String path)","type":"SIMPLE","count":2},{"name":"KaVE.Commons.Utils.IO.IoUtils.GetFileSize(System.String fileName)","type":"SIMPLE","count":4},{"name":"KaVE.Commons.Utils.IO.IoUtils.FileExists(System.String fileName)","type":"SIMPLE","count":4},{"name":"KaVE.Commons.Utils.IO.IoUtils.CopyFile(System.String src, System.String trg)","type":"SIMPLE","count":2},{"name":"KaVE.Commons.Utils.IO.IoUtils.ReadFile(System.String fileName)","type":"SIMPLE","count":2},{"name":"KaVE.Commons.Utils.IO.IoUtils.DeleteFile(System.String fileName)","type":"SIMPLE","count":2},{"name":"KaVE.Commons.Utils.IO.IoUtils.OpenFile(System.String file, System.IO.FileMode mode, System.IO.FileAccess access)","type":"SIMPLE","count":4},{"name":"KaVE.Commons.Utils.IO.IoUtils.MoveFile(System.String source, System.String target)","type":"SIMPLE","count":2},{"name":"KaVE.Commons.Utils.IO.IoUtils.WriteAllByte(System.Byte[] bytes, System.String fileName)","type":"SIMPLE","count":2},{"name":"KaVE.Commons.Utils.IO.IoUtils.DirectoryExists(System.String path)","type":"SIMPLE","count":4},{"name":"KaVE.Commons.Utils.IO.IoUtils.GetFiles(System.String path, System.String searchPattern)","type":"SIMPLE","count":4},{"name":"KaVE.Commons.Utils.IO.IoUtils.GetFilesRecursive(System.String path, System.String searchPattern)","type":"SIMPLE","count":4},{"name":"KaVE.Commons.Utils.IO.IoUtils.UnzipToTempFolder(System.String zipFile)","type":"SIMPLE","count":2},{"name":"KaVE.Commons.Utils.IO.IoUtils.ReadArchive(System.String fileName)","type":"SIMPLE","count":4},{"name":"KaVE.Commons.Utils.IO.IoUtils.CreateArchive(System.String fileName)","type":"SIMPLE","count":6},{"name":"KaVE.Commons.Utils.IO.IoUtils.CountLines(System.String fileName)","type":"SIMPLE","count":8}]}]}