{"collections":[{"fullName":"KaVE.Commons.Model.Names.IParameterName","methods":[{"name":"KaVE.Commons.Model.Names.IParameterName.ValueType","type":"PROP","count":14},{"name":"KaVE.Commons.Model.Names.IParameterName.IsPassedByReference","type":"PROP","count":4},{"name":"KaVE.Commons.Model.Names.IParameterName.IsExtensionMethodParameter","type":"PROP","count":2},{"name":"KaVE.Commons.Model.Names.IParameterName.Name","type":"PROP","count":4},{"name":"KaVE.Commons.Model.Names.IParameterName.IsOutput","type":"PROP","count":2},{"name":"KaVE.Commons.Model.Names.IParameterName.IsOptional","type":"PROP","count":2},{"name":"KaVE.Commons.Model.Names.IParameterName.IsParameterArray","type":"PROP","count":2}]}]}