{"collections":[{"fullName":"KaVE.Commons.Model.SSTs.Visitor.ISSTNodeVisitor`1[[TContext -\u003e TContext]]","methods":[{"name":"KaVE.Commons.Model.SSTs.Visitor.ISSTNodeVisitor`1[[TContext -\u003e TContext]].Visit(KaVE.Commons.Model.SSTs.Expressions.Assignable.IBinaryExpression expr, TContext context)","type":"SIMPLE","count":2},{"name":"KaVE.Commons.Model.SSTs.Visitor.ISSTNodeVisitor`1[[TContext -\u003e TContext]].Visit(KaVE.Commons.Model.SSTs.Expressions.Assignable.ICastExpression expr, TContext context)","type":"SIMPLE","count":2},{"name":"KaVE.Commons.Model.SSTs.Visitor.ISSTNodeVisitor`1[[TContext -\u003e TContext]].Visit(KaVE.Commons.Model.SSTs.Expressions.Assignable.IIndexAccessExpression expr, TContext context)","type":"SIMPLE","count":2},{"name":"KaVE.Commons.Model.SSTs.Visitor.ISSTNodeVisitor`1[[TContext -\u003e TContext]].Visit(KaVE.Commons.Model.SSTs.Expressions.Assignable.ITypeCheckExpression expr, TContext context)","type":"SIMPLE","count":2},{"name":"KaVE.Commons.Model.SSTs.Visitor.ISSTNodeVisitor`1[[TContext -\u003e TContext]].Visit(KaVE.Commons.Model.SSTs.Expressions.Assignable.IUnaryExpression expr, TContext context)","type":"SIMPLE","count":2},{"name":"KaVE.Commons.Model.SSTs.Visitor.ISSTNodeVisitor`1[[TContext -\u003e TContext]].Visit(KaVE.Commons.Model.SSTs.Expressions.Assignable.ICompletionExpression expr, TContext context)","type":"SIMPLE","count":2},{"name":"KaVE.Commons.Model.SSTs.Visitor.ISSTNodeVisitor`1[[TContext -\u003e TContext]].Visit(KaVE.Commons.Model.SSTs.Expressions.Assignable.IComposedExpression expr, TContext context)","type":"SIMPLE","count":2},{"name":"KaVE.Commons.Model.SSTs.Visitor.ISSTNodeVisitor`1[[TContext -\u003e TContext]].Visit(KaVE.Commons.Model.SSTs.Expressions.Assignable.IIfElseExpression expr, TContext context)","type":"SIMPLE","count":2},{"name":"KaVE.Commons.Model.SSTs.Visitor.ISSTNodeVisitor`1[[TContext -\u003e TContext]].Visit(KaVE.Commons.Model.SSTs.Expressions.Assignable.IInvocationExpression expr, TContext context)","type":"SIMPLE","count":2},{"name":"KaVE.Commons.Model.SSTs.Visitor.ISSTNodeVisitor`1[[TContext -\u003e TContext]].Visit(KaVE.Commons.Model.SSTs.Expressions.Assignable.ILambdaExpression expr, TContext context)","type":"SIMPLE","count":2},{"name":"KaVE.Commons.Model.SSTs.Visitor.ISSTNodeVisitor`1[[TContext -\u003e TContext]].Visit(KaVE.Commons.Model.SSTs.Expressions.LoopHeader.ILoopHeaderBlockExpression expr, TContext context)","type":"SIMPLE","count":2},{"name":"KaVE.Commons.Model.SSTs.Visitor.ISSTNodeVisitor`1[[TContext -\u003e TContext]].Visit(KaVE.Commons.Model.SSTs.Expressions.Simple.IConstantValueExpression expr, TContext context)","type":"SIMPLE","count":2},{"name":"KaVE.Commons.Model.SSTs.Visitor.ISSTNodeVisitor`1[[TContext -\u003e TContext]].Visit(KaVE.Commons.Model.SSTs.Expressions.Simple.INullExpression expr, TContext context)","type":"SIMPLE","count":2},{"name":"KaVE.Commons.Model.SSTs.Visitor.ISSTNodeVisitor`1[[TContext -\u003e TContext]].Visit(KaVE.Commons.Model.SSTs.Expressions.Simple.IReferenceExpression expr, TContext context)","type":"SIMPLE","count":2},{"name":"KaVE.Commons.Model.SSTs.Visitor.ISSTNodeVisitor`1[[TContext -\u003e TContext]].Visit(KaVE.Commons.Model.SSTs.Expressions.Simple.IUnknownExpression unknownExpr, TContext context)","type":"SIMPLE","count":2},{"name":"KaVE.Commons.Model.SSTs.Visitor.ISSTNodeVisitor`1[[TContext -\u003e TContext]].Visit(KaVE.Commons.Model.SSTs.References.IIndexAccessReference indexAccessRef, TContext context)","type":"SIMPLE","count":2},{"name":"KaVE.Commons.Model.SSTs.Visitor.ISSTNodeVisitor`1[[TContext -\u003e TContext]].Visit(KaVE.Commons.Model.SSTs.References.IEventReference eventRef, TContext context)","type":"SIMPLE","count":2},{"name":"KaVE.Commons.Model.SSTs.Visitor.ISSTNodeVisitor`1[[TContext -\u003e TContext]].Visit(KaVE.Commons.Model.SSTs.References.IFieldReference fieldRef, TContext context)","type":"SIMPLE","count":2},{"name":"KaVE.Commons.Model.SSTs.Visitor.ISSTNodeVisitor`1[[TContext -\u003e TContext]].Visit(KaVE.Commons.Model.SSTs.References.IMethodReference methodRef, TContext context)","type":"SIMPLE","count":2},{"name":"KaVE.Commons.Model.SSTs.Visitor.ISSTNodeVisitor`1[[TContext -\u003e TContext]].Visit(KaVE.Commons.Model.SSTs.References.IPropertyReference propertyRef, TContext context)","type":"SIMPLE","count":2},{"name":"KaVE.Commons.Model.SSTs.Visitor.ISSTNodeVisitor`1[[TContext -\u003e TContext]].Visit(KaVE.Commons.Model.SSTs.References.IUnknownReference unknownRef, TContext context)","type":"SIMPLE","count":2},{"name":"KaVE.Commons.Model.SSTs.Visitor.ISSTNodeVisitor`1[[TContext -\u003e TContext]].Visit(KaVE.Commons.Model.SSTs.References.IVariableReference varRef, TContext context)","type":"SIMPLE","count":2},{"name":"KaVE.Commons.Model.SSTs.Visitor.ISSTNodeVisitor`1[[TContext -\u003e TContext]].Visit(KaVE.Commons.Model.SSTs.Statements.IEventSubscriptionStatement stmt, TContext context)","type":"SIMPLE","count":2},{"name":"KaVE.Commons.Model.SSTs.Visitor.ISSTNodeVisitor`1[[TContext -\u003e TContext]].Visit(KaVE.Commons.Model.SSTs.Statements.IVariableDeclaration decl, TContext context)","type":"SIMPLE","count":2},{"name":"KaVE.Commons.Model.SSTs.Visitor.ISSTNodeVisitor`1[[TContext -\u003e TContext]].Visit(KaVE.Commons.Model.SSTs.Statements.IAssignment stmt, TContext context)","type":"SIMPLE","count":2},{"name":"KaVE.Commons.Model.SSTs.Visitor.ISSTNodeVisitor`1[[TContext -\u003e TContext]].Visit(KaVE.Commons.Model.SSTs.Statements.IBreakStatement stmt, TContext context)","type":"SIMPLE","count":2},{"name":"KaVE.Commons.Model.SSTs.Visitor.ISSTNodeVisitor`1[[TContext -\u003e TContext]].Visit(KaVE.Commons.Model.SSTs.Statements.IContinueStatement stmt, TContext context)","type":"SIMPLE","count":2},{"name":"KaVE.Commons.Model.SSTs.Visitor.ISSTNodeVisitor`1[[TContext -\u003e TContext]].Visit(KaVE.Commons.Model.SSTs.Statements.IExpressionStatement stmt, TContext context)","type":"SIMPLE","count":2},{"name":"KaVE.Commons.Model.SSTs.Visitor.ISSTNodeVisitor`1[[TContext -\u003e TContext]].Visit(KaVE.Commons.Model.SSTs.Statements.IGotoStatement stmt, TContext context)","type":"SIMPLE","count":2},{"name":"KaVE.Commons.Model.SSTs.Visitor.ISSTNodeVisitor`1[[TContext -\u003e TContext]].Visit(KaVE.Commons.Model.SSTs.Statements.ILabelledStatement stmt, TContext context)","type":"SIMPLE","count":2},{"name":"KaVE.Commons.Model.SSTs.Visitor.ISSTNodeVisitor`1[[TContext -\u003e TContext]].Visit(KaVE.Commons.Model.SSTs.Statements.IReturnStatement stmt, TContext context)","type":"SIMPLE","count":2},{"name":"KaVE.Commons.Model.SSTs.Visitor.ISSTNodeVisitor`1[[TContext -\u003e TContext]].Visit(KaVE.Commons.Model.SSTs.Statements.IThrowStatement stmt, TContext context)","type":"SIMPLE","count":2},{"name":"KaVE.Commons.Model.SSTs.Visitor.ISSTNodeVisitor`1[[TContext -\u003e TContext]].Visit(KaVE.Commons.Model.SSTs.Statements.IUnknownStatement unknownStmt, TContext context)","type":"SIMPLE","count":2},{"name":"KaVE.Commons.Model.SSTs.Visitor.ISSTNodeVisitor`1[[TContext -\u003e TContext]].Visit(KaVE.Commons.Model.SSTs.Blocks.IDoLoop block, TContext context)","type":"SIMPLE","count":2},{"name":"KaVE.Commons.Model.SSTs.Visitor.ISSTNodeVisitor`1[[TContext -\u003e TContext]].Visit(KaVE.Commons.Model.SSTs.Blocks.IForEachLoop block, TContext context)","type":"SIMPLE","count":2},{"name":"KaVE.Commons.Model.SSTs.Visitor.ISSTNodeVisitor`1[[TContext -\u003e TContext]].Visit(KaVE.Commons.Model.SSTs.Blocks.IForLoop block, TContext context)","type":"SIMPLE","count":2},{"name":"KaVE.Commons.Model.SSTs.Visitor.ISSTNodeVisitor`1[[TContext -\u003e TContext]].Visit(KaVE.Commons.Model.SSTs.Blocks.IIfElseBlock block, TContext context)","type":"SIMPLE","count":2},{"name":"KaVE.Commons.Model.SSTs.Visitor.ISSTNodeVisitor`1[[TContext -\u003e TContext]].Visit(KaVE.Commons.Model.SSTs.Blocks.ILockBlock block, TContext context)","type":"SIMPLE","count":2},{"name":"KaVE.Commons.Model.SSTs.Visitor.ISSTNodeVisitor`1[[TContext -\u003e TContext]].Visit(KaVE.Commons.Model.SSTs.Blocks.ISwitchBlock block, TContext context)","type":"SIMPLE","count":2},{"name":"KaVE.Commons.Model.SSTs.Visitor.ISSTNodeVisitor`1[[TContext -\u003e TContext]].Visit(KaVE.Commons.Model.SSTs.Blocks.ITryBlock block, TContext context)","type":"SIMPLE","count":2},{"name":"KaVE.Commons.Model.SSTs.Visitor.ISSTNodeVisitor`1[[TContext -\u003e TContext]].Visit(KaVE.Commons.Model.SSTs.Blocks.IUncheckedBlock block, TContext context)","type":"SIMPLE","count":2},{"name":"KaVE.Commons.Model.SSTs.Visitor.ISSTNodeVisitor`1[[TContext -\u003e TContext]].Visit(KaVE.Commons.Model.SSTs.Blocks.IUnsafeBlock block, TContext context)","type":"SIMPLE","count":2},{"name":"KaVE.Commons.Model.SSTs.Visitor.ISSTNodeVisitor`1[[TContext -\u003e TContext]].Visit(KaVE.Commons.Model.SSTs.Blocks.IUsingBlock block, TContext context)","type":"SIMPLE","count":2},{"name":"KaVE.Commons.Model.SSTs.Visitor.ISSTNodeVisitor`1[[TContext -\u003e TContext]].Visit(KaVE.Commons.Model.SSTs.Blocks.IWhileLoop block, TContext context)","type":"SIMPLE","count":2},{"name":"KaVE.Commons.Model.SSTs.Visitor.ISSTNodeVisitor`1[[TContext -\u003e TContext]].Visit(KaVE.Commons.Model.SSTs.Declarations.IDelegateDeclaration decl, TContext context)","type":"SIMPLE","count":2},{"name":"KaVE.Commons.Model.SSTs.Visitor.ISSTNodeVisitor`1[[TContext -\u003e TContext]].Visit(KaVE.Commons.Model.SSTs.Declarations.IEventDeclaration decl, TContext context)","type":"SIMPLE","count":2},{"name":"KaVE.Commons.Model.SSTs.Visitor.ISSTNodeVisitor`1[[TContext -\u003e TContext]].Visit(KaVE.Commons.Model.SSTs.Declarations.IFieldDeclaration decl, TContext context)","type":"SIMPLE","count":2},{"name":"KaVE.Commons.Model.SSTs.Visitor.ISSTNodeVisitor`1[[TContext -\u003e TContext]].Visit(KaVE.Commons.Model.SSTs.Declarations.IMethodDeclaration decl, TContext context)","type":"SIMPLE","count":2},{"name":"KaVE.Commons.Model.SSTs.Visitor.ISSTNodeVisitor`1[[TContext -\u003e TContext]].Visit(KaVE.Commons.Model.SSTs.Declarations.IPropertyDeclaration decl, TContext context)","type":"SIMPLE","count":2},{"name":"KaVE.Commons.Model.SSTs.Visitor.ISSTNodeVisitor`1[[TContext -\u003e TContext]].Visit(KaVE.Commons.Model.SSTs.ISST sst, TContext context)","type":"SIMPLE","count":2}]},{"fullName":"KaVE.Commons.Model.SSTs.Visitor.ISSTNodeVisitor`2[[TContext -\u003e TContext],[TReturn -\u003e TReturn]]","methods":[{"name":"KaVE.Commons.Model.SSTs.Visitor.ISSTNodeVisitor`2[[TContext -\u003e TContext],[TReturn -\u003e TReturn]].Visit(KaVE.Commons.Model.SSTs.Expressions.Assignable.IBinaryExpression expr, TContext context)","type":"SIMPLE","count":2},{"name":"KaVE.Commons.Model.SSTs.Visitor.ISSTNodeVisitor`2[[TContext -\u003e TContext],[TReturn -\u003e TReturn]].Visit(KaVE.Commons.Model.SSTs.Expressions.Assignable.ICastExpression expr, TContext context)","type":"SIMPLE","count":2},{"name":"KaVE.Commons.Model.SSTs.Visitor.ISSTNodeVisitor`2[[TContext -\u003e TContext],[TReturn -\u003e TReturn]].Visit(KaVE.Commons.Model.SSTs.Expressions.Assignable.IIndexAccessExpression expr, TContext context)","type":"SIMPLE","count":2},{"name":"KaVE.Commons.Model.SSTs.Visitor.ISSTNodeVisitor`2[[TContext -\u003e TContext],[TReturn -\u003e TReturn]].Visit(KaVE.Commons.Model.SSTs.Expressions.Assignable.ITypeCheckExpression expr, TContext context)","type":"SIMPLE","count":2},{"name":"KaVE.Commons.Model.SSTs.Visitor.ISSTNodeVisitor`2[[TContext -\u003e TContext],[TReturn -\u003e TReturn]].Visit(KaVE.Commons.Model.SSTs.Expressions.Assignable.IUnaryExpression expr, TContext context)","type":"SIMPLE","count":2},{"name":"KaVE.Commons.Model.SSTs.Visitor.ISSTNodeVisitor`2[[TContext -\u003e TContext],[TReturn -\u003e TReturn]].Visit(KaVE.Commons.Model.SSTs.Expressions.Assignable.ICompletionExpression expr, TContext context)","type":"SIMPLE","count":2},{"name":"KaVE.Commons.Model.SSTs.Visitor.ISSTNodeVisitor`2[[TContext -\u003e TContext],[TReturn -\u003e TReturn]].Visit(KaVE.Commons.Model.SSTs.Expressions.Assignable.IComposedExpression expr, TContext context)","type":"SIMPLE","count":2},{"name":"KaVE.Commons.Model.SSTs.Visitor.ISSTNodeVisitor`2[[TContext -\u003e TContext],[TReturn -\u003e TReturn]].Visit(KaVE.Commons.Model.SSTs.Expressions.Assignable.IIfElseExpression expr, TContext context)","type":"SIMPLE","count":2},{"name":"KaVE.Commons.Model.SSTs.Visitor.ISSTNodeVisitor`2[[TContext -\u003e TContext],[TReturn -\u003e TReturn]].Visit(KaVE.Commons.Model.SSTs.Expressions.Assignable.IInvocationExpression expr, TContext context)","type":"SIMPLE","count":2},{"name":"KaVE.Commons.Model.SSTs.Visitor.ISSTNodeVisitor`2[[TContext -\u003e TContext],[TReturn -\u003e TReturn]].Visit(KaVE.Commons.Model.SSTs.Expressions.Assignable.ILambdaExpression expr, TContext context)","type":"SIMPLE","count":2},{"name":"KaVE.Commons.Model.SSTs.Visitor.ISSTNodeVisitor`2[[TContext -\u003e TContext],[TReturn -\u003e TReturn]].Visit(KaVE.Commons.Model.SSTs.Expressions.LoopHeader.ILoopHeaderBlockExpression expr, TContext context)","type":"SIMPLE","count":2},{"name":"KaVE.Commons.Model.SSTs.Visitor.ISSTNodeVisitor`2[[TContext -\u003e TContext],[TReturn -\u003e TReturn]].Visit(KaVE.Commons.Model.SSTs.Expressions.Simple.IConstantValueExpression expr, TContext context)","type":"SIMPLE","count":2},{"name":"KaVE.Commons.Model.SSTs.Visitor.ISSTNodeVisitor`2[[TContext -\u003e TContext],[TReturn -\u003e TReturn]].Visit(KaVE.Commons.Model.SSTs.Expressions.Simple.INullExpression expr, TContext context)","type":"SIMPLE","count":2},{"name":"KaVE.Commons.Model.SSTs.Visitor.ISSTNodeVisitor`2[[TContext -\u003e TContext],[TReturn -\u003e TReturn]].Visit(KaVE.Commons.Model.SSTs.Expressions.Simple.IReferenceExpression expr, TContext context)","type":"SIMPLE","count":2},{"name":"KaVE.Commons.Model.SSTs.Visitor.ISSTNodeVisitor`2[[TContext -\u003e TContext],[TReturn -\u003e TReturn]].Visit(KaVE.Commons.Model.SSTs.Expressions.Simple.IUnknownExpression unknownExpr, TContext context)","type":"SIMPLE","count":2},{"name":"KaVE.Commons.Model.SSTs.Visitor.ISSTNodeVisitor`2[[TContext -\u003e TContext],[TReturn -\u003e TReturn]].Visit(KaVE.Commons.Model.SSTs.References.IIndexAccessReference indexAccessRef, TContext context)","type":"SIMPLE","count":2},{"name":"KaVE.Commons.Model.SSTs.Visitor.ISSTNodeVisitor`2[[TContext -\u003e TContext],[TReturn -\u003e TReturn]].Visit(KaVE.Commons.Model.SSTs.References.IEventReference eventRef, TContext context)","type":"SIMPLE","count":2},{"name":"KaVE.Commons.Model.SSTs.Visitor.ISSTNodeVisitor`2[[TContext -\u003e TContext],[TReturn -\u003e TReturn]].Visit(KaVE.Commons.Model.SSTs.References.IFieldReference fieldRef, TContext context)","type":"SIMPLE","count":2},{"name":"KaVE.Commons.Model.SSTs.Visitor.ISSTNodeVisitor`2[[TContext -\u003e TContext],[TReturn -\u003e TReturn]].Visit(KaVE.Commons.Model.SSTs.References.IMethodReference methodRef, TContext context)","type":"SIMPLE","count":2},{"name":"KaVE.Commons.Model.SSTs.Visitor.ISSTNodeVisitor`2[[TContext -\u003e TContext],[TReturn -\u003e TReturn]].Visit(KaVE.Commons.Model.SSTs.References.IPropertyReference propertyRef, TContext context)","type":"SIMPLE","count":2},{"name":"KaVE.Commons.Model.SSTs.Visitor.ISSTNodeVisitor`2[[TContext -\u003e TContext],[TReturn -\u003e TReturn]].Visit(KaVE.Commons.Model.SSTs.References.IUnknownReference unknownRef, TContext context)","type":"SIMPLE","count":2},{"name":"KaVE.Commons.Model.SSTs.Visitor.ISSTNodeVisitor`2[[TContext -\u003e TContext],[TReturn -\u003e TReturn]].Visit(KaVE.Commons.Model.SSTs.References.IVariableReference varRef, TContext context)","type":"SIMPLE","count":2},{"name":"KaVE.Commons.Model.SSTs.Visitor.ISSTNodeVisitor`2[[TContext -\u003e TContext],[TReturn -\u003e TReturn]].Visit(KaVE.Commons.Model.SSTs.Statements.IEventSubscriptionStatement stmt, TContext context)","type":"SIMPLE","count":2},{"name":"KaVE.Commons.Model.SSTs.Visitor.ISSTNodeVisitor`2[[TContext -\u003e TContext],[TReturn -\u003e TReturn]].Visit(KaVE.Commons.Model.SSTs.Statements.IVariableDeclaration decl, TContext context)","type":"SIMPLE","count":2},{"name":"KaVE.Commons.Model.SSTs.Visitor.ISSTNodeVisitor`2[[TContext -\u003e TContext],[TReturn -\u003e TReturn]].Visit(KaVE.Commons.Model.SSTs.Statements.IAssignment stmt, TContext context)","type":"SIMPLE","count":2},{"name":"KaVE.Commons.Model.SSTs.Visitor.ISSTNodeVisitor`2[[TContext -\u003e TContext],[TReturn -\u003e TReturn]].Visit(KaVE.Commons.Model.SSTs.Statements.IBreakStatement stmt, TContext context)","type":"SIMPLE","count":2},{"name":"KaVE.Commons.Model.SSTs.Visitor.ISSTNodeVisitor`2[[TContext -\u003e TContext],[TReturn -\u003e TReturn]].Visit(KaVE.Commons.Model.SSTs.Statements.IContinueStatement stmt, TContext context)","type":"SIMPLE","count":2},{"name":"KaVE.Commons.Model.SSTs.Visitor.ISSTNodeVisitor`2[[TContext -\u003e TContext],[TReturn -\u003e TReturn]].Visit(KaVE.Commons.Model.SSTs.Statements.IExpressionStatement stmt, TContext context)","type":"SIMPLE","count":2},{"name":"KaVE.Commons.Model.SSTs.Visitor.ISSTNodeVisitor`2[[TContext -\u003e TContext],[TReturn -\u003e TReturn]].Visit(KaVE.Commons.Model.SSTs.Statements.IGotoStatement stmt, TContext context)","type":"SIMPLE","count":2},{"name":"KaVE.Commons.Model.SSTs.Visitor.ISSTNodeVisitor`2[[TContext -\u003e TContext],[TReturn -\u003e TReturn]].Visit(KaVE.Commons.Model.SSTs.Statements.ILabelledStatement stmt, TContext context)","type":"SIMPLE","count":2},{"name":"KaVE.Commons.Model.SSTs.Visitor.ISSTNodeVisitor`2[[TContext -\u003e TContext],[TReturn -\u003e TReturn]].Visit(KaVE.Commons.Model.SSTs.Statements.IReturnStatement stmt, TContext context)","type":"SIMPLE","count":2},{"name":"KaVE.Commons.Model.SSTs.Visitor.ISSTNodeVisitor`2[[TContext -\u003e TContext],[TReturn -\u003e TReturn]].Visit(KaVE.Commons.Model.SSTs.Statements.IThrowStatement stmt, TContext context)","type":"SIMPLE","count":2},{"name":"KaVE.Commons.Model.SSTs.Visitor.ISSTNodeVisitor`2[[TContext -\u003e TContext],[TReturn -\u003e TReturn]].Visit(KaVE.Commons.Model.SSTs.Statements.IUnknownStatement unknownStmt, TContext context)","type":"SIMPLE","count":2},{"name":"KaVE.Commons.Model.SSTs.Visitor.ISSTNodeVisitor`2[[TContext -\u003e TContext],[TReturn -\u003e TReturn]].Visit(KaVE.Commons.Model.SSTs.Blocks.IDoLoop block, TContext context)","type":"SIMPLE","count":2},{"name":"KaVE.Commons.Model.SSTs.Visitor.ISSTNodeVisitor`2[[TContext -\u003e TContext],[TReturn -\u003e TReturn]].Visit(KaVE.Commons.Model.SSTs.Blocks.IForEachLoop block, TContext context)","type":"SIMPLE","count":2},{"name":"KaVE.Commons.Model.SSTs.Visitor.ISSTNodeVisitor`2[[TContext -\u003e TContext],[TReturn -\u003e TReturn]].Visit(KaVE.Commons.Model.SSTs.Blocks.IForLoop block, TContext context)","type":"SIMPLE","count":2},{"name":"KaVE.Commons.Model.SSTs.Visitor.ISSTNodeVisitor`2[[TContext -\u003e TContext],[TReturn -\u003e TReturn]].Visit(KaVE.Commons.Model.SSTs.Blocks.IIfElseBlock block, TContext context)","type":"SIMPLE","count":2},{"name":"KaVE.Commons.Model.SSTs.Visitor.ISSTNodeVisitor`2[[TContext -\u003e TContext],[TReturn -\u003e TReturn]].Visit(KaVE.Commons.Model.SSTs.Blocks.ILockBlock block, TContext context)","type":"SIMPLE","count":2},{"name":"KaVE.Commons.Model.SSTs.Visitor.ISSTNodeVisitor`2[[TContext -\u003e TContext],[TReturn -\u003e TReturn]].Visit(KaVE.Commons.Model.SSTs.Blocks.ISwitchBlock block, TContext context)","type":"SIMPLE","count":2},{"name":"KaVE.Commons.Model.SSTs.Visitor.ISSTNodeVisitor`2[[TContext -\u003e TContext],[TReturn -\u003e TReturn]].Visit(KaVE.Commons.Model.SSTs.Blocks.ITryBlock block, TContext context)","type":"SIMPLE","count":2},{"name":"KaVE.Commons.Model.SSTs.Visitor.ISSTNodeVisitor`2[[TContext -\u003e TContext],[TReturn -\u003e TReturn]].Visit(KaVE.Commons.Model.SSTs.Blocks.IUncheckedBlock block, TContext context)","type":"SIMPLE","count":2},{"name":"KaVE.Commons.Model.SSTs.Visitor.ISSTNodeVisitor`2[[TContext -\u003e TContext],[TReturn -\u003e TReturn]].Visit(KaVE.Commons.Model.SSTs.Blocks.IUnsafeBlock block, TContext context)","type":"SIMPLE","count":2},{"name":"KaVE.Commons.Model.SSTs.Visitor.ISSTNodeVisitor`2[[TContext -\u003e TContext],[TReturn -\u003e TReturn]].Visit(KaVE.Commons.Model.SSTs.Blocks.IUsingBlock block, TContext context)","type":"SIMPLE","count":2},{"name":"KaVE.Commons.Model.SSTs.Visitor.ISSTNodeVisitor`2[[TContext -\u003e TContext],[TReturn -\u003e TReturn]].Visit(KaVE.Commons.Model.SSTs.Blocks.IWhileLoop block, TContext context)","type":"SIMPLE","count":2},{"name":"KaVE.Commons.Model.SSTs.Visitor.ISSTNodeVisitor`2[[TContext -\u003e TContext],[TReturn -\u003e TReturn]].Visit(KaVE.Commons.Model.SSTs.Declarations.IDelegateDeclaration decl, TContext context)","type":"SIMPLE","count":2},{"name":"KaVE.Commons.Model.SSTs.Visitor.ISSTNodeVisitor`2[[TContext -\u003e TContext],[TReturn -\u003e TReturn]].Visit(KaVE.Commons.Model.SSTs.Declarations.IEventDeclaration decl, TContext context)","type":"SIMPLE","count":2},{"name":"KaVE.Commons.Model.SSTs.Visitor.ISSTNodeVisitor`2[[TContext -\u003e TContext],[TReturn -\u003e TReturn]].Visit(KaVE.Commons.Model.SSTs.Declarations.IFieldDeclaration decl, TContext context)","type":"SIMPLE","count":2},{"name":"KaVE.Commons.Model.SSTs.Visitor.ISSTNodeVisitor`2[[TContext -\u003e TContext],[TReturn -\u003e TReturn]].Visit(KaVE.Commons.Model.SSTs.Declarations.IMethodDeclaration decl, TContext context)","type":"SIMPLE","count":2},{"name":"KaVE.Commons.Model.SSTs.Visitor.ISSTNodeVisitor`2[[TContext -\u003e TContext],[TReturn -\u003e TReturn]].Visit(KaVE.Commons.Model.SSTs.Declarations.IPropertyDeclaration decl, TContext context)","type":"SIMPLE","count":2},{"name":"KaVE.Commons.Model.SSTs.Visitor.ISSTNodeVisitor`2[[TContext -\u003e TContext],[TReturn -\u003e TReturn]].Visit(KaVE.Commons.Model.SSTs.ISST sst, TContext context)","type":"SIMPLE","count":2}]}]}