{"collections":[{"fullName":"KaVE.Commons.Model.SSTs.ISST","methods":[{"name":"KaVE.Commons.Model.SSTs.ISST.Methods","type":"PROP","count":26},{"name":"KaVE.Commons.Model.SSTs.ISST.EnclosingType","type":"PROP","count":12},{"name":"KaVE.Commons.Model.SSTs.ISST.Properties","type":"PROP","count":14},{"name":"KaVE.Commons.Model.SSTs.ISST.Fields","type":"PROP","count":14},{"name":"KaVE.Commons.Model.SSTs.ISST.Events","type":"PROP","count":10},{"name":"KaVE.Commons.Model.SSTs.ISST.Delegates","type":"PROP","count":8},{"name":"KaVE.Commons.Model.SSTs.ISST.PartialClassIdentifier","type":"PROP","count":6}]}]}