{"collections":[{"fullName":"KaVE.Commons.Model.SSTs.Visitor.ISSTNode","methods":[{"name":"KaVE.Commons.Model.SSTs.Visitor.ISSTNode.Accept(KaVE.Commons.Model.SSTs.Visitor.ISSTNodeVisitor`1[[TContext -\u003e TContext]] visitor, TContext context)","type":"SIMPLE","count":244},{"name":"KaVE.Commons.Model.SSTs.Visitor.ISSTNode.Accept(KaVE.Commons.Model.SSTs.Visitor.ISSTNodeVisitor`2[[TContext -\u003e TContext],[TReturn -\u003e TReturn]] visitor, TContext context)","type":"SIMPLE","count":116},{"name":"KaVE.Commons.Model.SSTs.Visitor.ISSTNode.Children","type":"PROP","count":2}]}]}