{"collections":[{"fullName":"KaVE.Commons.Model.TypeShapes.ITypeHierarchy","methods":[{"name":"KaVE.Commons.Model.TypeShapes.ITypeHierarchy.Element","type":"PROP","count":20},{"name":"KaVE.Commons.Model.TypeShapes.ITypeHierarchy.Extends","type":"PROP","count":18},{"name":"KaVE.Commons.Model.TypeShapes.ITypeHierarchy.Implements","type":"PROP","count":8},{"name":"KaVE.Commons.Model.TypeShapes.ITypeHierarchy.HasSupertypes","type":"PROP","count":2},{"name":"KaVE.Commons.Model.TypeShapes.ITypeHierarchy.HasSuperclass","type":"PROP","count":2},{"name":"KaVE.Commons.Model.TypeShapes.ITypeHierarchy.IsImplementingInterfaces","type":"PROP","count":2}]}]}