{"collections":[{"fullName":"KaVE.Commons.Model.Names.ITypeName","methods":[{"name":"KaVE.Commons.Model.Names.ITypeName.Assembly","type":"PROP","count":20},{"name":"KaVE.Commons.Model.Names.ITypeName.IsReferenceType","type":"PROP","count":6},{"name":"KaVE.Commons.Model.Names.ITypeName.IsUnknownType","type":"PROP","count":10},{"name":"KaVE.Commons.Model.Names.ITypeName.Name","type":"PROP","count":14},{"name":"KaVE.Commons.Model.Names.ITypeName.IsArrayType","type":"PROP","count":6},{"name":"KaVE.Commons.Model.Names.ITypeName.ArrayBaseType","type":"PROP","count":6},{"name":"KaVE.Commons.Model.Names.ITypeName.IsDelegateType","type":"PROP","count":4},{"name":"KaVE.Commons.Model.Names.ITypeName.FullName","type":"PROP","count":10},{"name":"KaVE.Commons.Model.Names.ITypeName.IsNestedType","type":"PROP","count":6},{"name":"KaVE.Commons.Model.Names.ITypeName.Namespace","type":"PROP","count":8},{"name":"KaVE.Commons.Model.Names.ITypeName.DeclaringType","type":"PROP","count":22},{"name":"KaVE.Commons.Model.Names.ITypeName.IsVoidType","type":"PROP","count":2},{"name":"KaVE.Commons.Model.Names.ITypeName.IsValueType","type":"PROP","count":6},{"name":"KaVE.Commons.Model.Names.ITypeName.IsSimpleType","type":"PROP","count":2},{"name":"KaVE.Commons.Model.Names.ITypeName.IsEnumType","type":"PROP","count":4},{"name":"KaVE.Commons.Model.Names.ITypeName.IsStructType","type":"PROP","count":6},{"name":"KaVE.Commons.Model.Names.ITypeName.IsNullableType","type":"PROP","count":2},{"name":"KaVE.Commons.Model.Names.ITypeName.IsClassType","type":"PROP","count":2},{"name":"KaVE.Commons.Model.Names.ITypeName.IsInterfaceType","type":"PROP","count":6},{"name":"(KaVE.Commons.Model.Names.ITypeName) object","type":"CAST","count":4},{"name":"KaVE.Commons.Model.Names.ITypeName.IsTypeParameter","type":"PROP","count":2},{"name":"KaVE.Commons.Model.Names.ITypeName.TypeParameterType","type":"PROP","count":2}]}]}