{"collections":[{"fullName":"KaVE.Commons.Utils.Logging.Json.JsonLogReader`1[[TMessage -\u003e KaVE.Commons.Model.Events.IDEEvent, KaVE.Commons]]","methods":[{"name":"KaVE.Commons.Utils.Logging.Json.JsonLogReader`1[[TMessage -\u003e KaVE.Commons.Model.Events.IDEEvent, KaVE.Commons]](System.IO.Stream logStream, KaVE.Commons.Utils.Exceptions.ILogger logger)","type":"CTOR","count":2}]},{"fullName":"KaVE.Commons.Utils.Logging.Json.JsonLogReader`1[[TMessage]]","methods":[{"name":"KaVE.Commons.Utils.Logging.Json.JsonLogReader`1[[TMessage]].Deserialize(System.String json)","type":"SIMPLE","count":2},{"name":"KaVE.Commons.Utils.Logging.Json.JsonLogReader`1[[TMessage]].ReadNext()","type":"SIMPLE","count":2}]},{"fullName":"KaVE.Commons.Utils.Logging.Json.JsonLogReader`1[[TMessage -\u003e KaVE.Commons.Tests.Utils.Json.SerializationTestTarget, KaVE.Commons.Tests]]","methods":[{"name":"KaVE.Commons.Utils.Logging.Json.JsonLogReader`1[[TMessage -\u003e KaVE.Commons.Tests.Utils.Json.SerializationTestTarget, KaVE.Commons.Tests]](System.IO.Stream logStream, KaVE.Commons.Utils.Exceptions.ILogger logger)","type":"CTOR","count":2}]}]}