{"collections":[{"fullName":"KaVE.Commons.Utils.Logging.Json.JsonLogWriter`1[[TMessage -\u003e KaVE.Commons.Model.Events.IDEEvent, KaVE.Commons]]","methods":[{"name":"KaVE.Commons.Utils.Logging.Json.JsonLogWriter`1[[TMessage -\u003e KaVE.Commons.Model.Events.IDEEvent, KaVE.Commons]](System.IO.Stream logStream)","type":"CTOR","count":4},{"name":"KaVE.Commons.Utils.Logging.Json.JsonLogWriter`1[[TMessage -\u003e KaVE.Commons.Model.Events.IDEEvent, KaVE.Commons]].Write(TMessage message)","type":"SIMPLE","count":2}]},{"fullName":"KaVE.Commons.Utils.Logging.Json.JsonLogWriter`1[[TMessage]]","methods":[{"name":"KaVE.Commons.Utils.Logging.Json.JsonLogWriter`1[[TMessage]].SerializeAndWrite(TMessage message)","type":"SIMPLE","count":4}]},{"fullName":"KaVE.Commons.Utils.Logging.Json.JsonLogWriter`1[[TMessage -\u003e p:object]]","methods":[{"name":"KaVE.Commons.Utils.Logging.Json.JsonLogWriter`1[[TMessage -\u003e p:object]](System.IO.Stream logStream)","type":"CTOR","count":4},{"name":"KaVE.Commons.Utils.Logging.Json.JsonLogWriter`1[[TMessage -\u003e p:object]].Write(TMessage message)","type":"SIMPLE","count":2}]}]}