{"collections":[{"fullName":"KaVE.Commons.Utils.Json.JsonSerialization","methods":[{"name":"KaVE.Commons.Utils.Json.JsonSerialization.ToCompactJson(System.Object instance)","type":"SIMPLE","count":48},{"name":"KaVE.Commons.Utils.Json.JsonSerialization.ToFormattedJson(System.Object instance)","type":"SIMPLE","count":50},{"name":"KaVE.Commons.Utils.Json.JsonSerialization.ParseJsonTo(System.String json)","type":"SIMPLE","count":78},{"name":"KaVE.Commons.Utils.Json.JsonSerialization.CreateSerializationSettings()","type":"SIMPLE","count":8},{"name":"KaVE.Commons.Utils.Json.JsonSerialization.SerializeWithCustomIndentationDepth(System.Object instance, Newtonsoft.Json.JsonSerializerSettings jsonSerializerSettings)","type":"SIMPLE","count":4},{"name":"KaVE.Commons.Utils.Json.JsonSerialization.CreatePrettyPrintSettings()","type":"SIMPLE","count":2},{"name":"KaVE.Commons.Utils.Json.JsonSerialization.ParseJsonTo(System.String json, System.Type type)","type":"SIMPLE","count":20},{"name":"KaVE.Commons.Utils.Json.JsonSerialization.ToPrettyPrintJson(System.Object instance, System.Collections.Generic.IEnumerable`1[[T -\u003e p:string]] hiddenProperties)","type":"SIMPLE","count":8}]}]}