{"collections":[{"fullName":"KaVE.Commons.Utils.Collections.KaVESortedSet`1[[T -\u003e T]]","methods":[{"name":"KaVE.Commons.Utils.Collections.KaVESortedSet`1[[T -\u003e T]](System.Func`3[[T1 -\u003e T],[T2 -\u003e T],[TResult -\u003e e:KaVE.Commons.Utils.Collections.ComparisonResult, KaVE.Commons]] comparer)","type":"CTOR","count":2},{"name":"KaVE.Commons.Utils.Collections.KaVESortedSet`1[[T -\u003e T]].GetHashCode()","type":"SIMPLE","count":2}]},{"fullName":"KaVE.Commons.Utils.Collections.KaVESortedSet`1[[T]]","methods":[{"name":"KaVE.Commons.Utils.Collections.KaVESortedSet`1[[T]].Add(T item)","type":"SIMPLE","count":2},{"name":"KaVE.Commons.Utils.Collections.KaVESortedSet`1[[T]].GetHashCode()","type":"SIMPLE","count":2}]},{"fullName":"KaVE.Commons.Utils.Collections.KaVESortedSet`1[[T -\u003e p:int]]","methods":[{"name":"KaVE.Commons.Utils.Collections.KaVESortedSet`1[[T -\u003e p:int]](System.Func`3[[T1 -\u003e T],[T2 -\u003e T],[TResult -\u003e e:KaVE.Commons.Utils.Collections.ComparisonResult, KaVE.Commons]] comparer)","type":"CTOR","count":2}]}]}