{"collections":[{"fullName":"KaVE.Commons.Utils.Collections.KaVEHashSet`1[[T -\u003e T]]","methods":[{"name":"KaVE.Commons.Utils.Collections.KaVEHashSet`1[[T -\u003e T]]()","type":"CTOR","count":6},{"name":"KaVE.Commons.Utils.Collections.KaVEHashSet`1[[T -\u003e T]].Add(T item)","type":"SIMPLE","count":2},{"name":"KaVE.Commons.Utils.Collections.KaVEHashSet`1[[T -\u003e T]].GetHashCode()","type":"SIMPLE","count":2}]},{"fullName":"KaVE.Commons.Utils.Collections.KaVEHashSet`1[[T]]","methods":[{"name":"KaVE.Commons.Utils.Collections.KaVEHashSet`1[[T]].Add(T item)","type":"SIMPLE","count":2},{"name":"KaVE.Commons.Utils.Collections.KaVEHashSet`1[[T]].GetHashCode()","type":"SIMPLE","count":2}]},{"fullName":"KaVE.Commons.Utils.Collections.KaVEHashSet`1[[T -\u003e p:int]]","methods":[{"name":"KaVE.Commons.Utils.Collections.KaVEHashSet`1[[T -\u003e p:int]]()","type":"CTOR","count":2}]},{"fullName":"KaVE.Commons.Utils.Collections.KaVEHashSet`1[[T -\u003e KaVE.Commons.Model.Events.IDEEvent, KaVE.Commons]]","methods":[{"name":"KaVE.Commons.Utils.Collections.KaVEHashSet`1[[T -\u003e KaVE.Commons.Model.Events.IDEEvent, KaVE.Commons]]()","type":"CTOR","count":8},{"name":"KaVE.Commons.Utils.Collections.KaVEHashSet`1[[T -\u003e KaVE.Commons.Model.Events.IDEEvent, KaVE.Commons]].Add(T item)","type":"SIMPLE","count":2}]},{"fullName":"KaVE.Commons.Utils.Collections.KaVEHashSet`1[[T -\u003e s:System.DateTime, mscorlib, 4.0.0.0]]","methods":[{"name":"KaVE.Commons.Utils.Collections.KaVEHashSet`1[[T -\u003e s:System.DateTime, mscorlib, 4.0.0.0]]()","type":"CTOR","count":2}]}]}