{"collections":[{"fullName":"KaVE.Commons.Utils.Collections.KaVEList`1[[T -\u003e i:KaVE.Commons.Model.SSTs.Expressions.ISimpleExpression, KaVE.Commons]]","methods":[{"name":"KaVE.Commons.Utils.Collections.KaVEList`1[[T -\u003e i:KaVE.Commons.Model.SSTs.Expressions.ISimpleExpression, KaVE.Commons]]()","type":"CTOR","count":4},{"name":"KaVE.Commons.Utils.Collections.KaVEList`1[[T -\u003e i:KaVE.Commons.Model.SSTs.Expressions.ISimpleExpression, KaVE.Commons]].Add(T item)","type":"SIMPLE","count":2}]},{"fullName":"KaVE.Commons.Utils.Collections.KaVEList`1[[T -\u003e T]]","methods":[{"name":"KaVE.Commons.Utils.Collections.KaVEList`1[[T -\u003e T]]()","type":"CTOR","count":6},{"name":"KaVE.Commons.Utils.Collections.KaVEList`1[[T -\u003e T]].Add(T item)","type":"SIMPLE","count":2}]},{"fullName":"KaVE.Commons.Utils.Collections.KaVEList`1[[T]]","methods":[{"name":"KaVE.Commons.Utils.Collections.KaVEList`1[[T]].Add(T item)","type":"SIMPLE","count":2},{"name":"KaVE.Commons.Utils.Collections.KaVEList`1[[T]].GetHashCode()","type":"SIMPLE","count":2}]},{"fullName":"KaVE.Commons.Utils.Collections.KaVEList`1[[T -\u003e p:int]]","methods":[{"name":"KaVE.Commons.Utils.Collections.KaVEList`1[[T -\u003e p:int]]()","type":"CTOR","count":2}]},{"fullName":"KaVE.Commons.Utils.Collections.KaVEList`1[[T -\u003e i:KaVE.Commons.Model.SSTs.IStatement, KaVE.Commons]]","methods":[{"name":"KaVE.Commons.Utils.Collections.KaVEList`1[[T -\u003e i:KaVE.Commons.Model.SSTs.IStatement, KaVE.Commons]]()","type":"CTOR","count":12},{"name":"KaVE.Commons.Utils.Collections.KaVEList`1[[T -\u003e i:KaVE.Commons.Model.SSTs.IStatement, KaVE.Commons]].Add(T item)","type":"SIMPLE","count":14}]},{"fullName":"KaVE.Commons.Utils.Collections.KaVEList`1[[T -\u003e i:KaVE.Commons.Model.Names.IParameterName, KaVE.Commons]]","methods":[{"name":"KaVE.Commons.Utils.Collections.KaVEList`1[[T -\u003e i:KaVE.Commons.Model.Names.IParameterName, KaVE.Commons]]()","type":"CTOR","count":4},{"name":"KaVE.Commons.Utils.Collections.KaVEList`1[[T -\u003e i:KaVE.Commons.Model.Names.IParameterName, KaVE.Commons]].Add(T item)","type":"SIMPLE","count":6}]},{"fullName":"KaVE.Commons.Utils.Collections.KaVEList`1[[T -\u003e KaVE.FeedbackProcessor.Activities.Model.ActivityEvent, KaVE.FeedbackProcessor]]","methods":[{"name":"KaVE.Commons.Utils.Collections.KaVEList`1[[T -\u003e KaVE.FeedbackProcessor.Activities.Model.ActivityEvent, KaVE.FeedbackProcessor]]()","type":"CTOR","count":2}]},{"fullName":"KaVE.Commons.Utils.Collections.KaVEList`1[[T -\u003e KaVE.Commons.Model.Events.IDEEvent, KaVE.Commons]]","methods":[{"name":"KaVE.Commons.Utils.Collections.KaVEList`1[[T -\u003e KaVE.Commons.Model.Events.IDEEvent, KaVE.Commons]]()","type":"CTOR","count":4},{"name":"KaVE.Commons.Utils.Collections.KaVEList`1[[T -\u003e KaVE.Commons.Model.Events.IDEEvent, KaVE.Commons]].Add(T item)","type":"SIMPLE","count":10}]}]}