{"collections":[{"fullName":"KaVE.Commons.Utils.IO.KeyUtils","methods":[{"name":"KaVE.Commons.Utils.IO.KeyUtils.ParseBindings(System.Collections.Generic.IEnumerable`1[[T -\u003e p:string]] bindingsIdentifiers)","type":"SIMPLE","count":2},{"name":"KaVE.Commons.Utils.IO.KeyUtils.IsPressed(System.Windows.Input.Key key)","type":"SIMPLE","count":2},{"name":"KaVE.Commons.Utils.IO.KeyUtils.UnifyKeyName(System.String keyName)","type":"SIMPLE","count":2},{"name":"KaVE.Commons.Utils.IO.KeyUtils.VkKeyScan(System.Char ch)","type":"SIMPLE","count":2},{"name":"KaVE.Commons.Utils.IO.KeyUtils.ResolveKey(System.String key)","type":"SIMPLE","count":6},{"name":"KaVE.Commons.Utils.IO.KeyUtils.ParseBinding(System.String bindingIdentifier)","type":"SIMPLE","count":4}]}]}