{"collections":[{"fullName":"KaVE.Commons.Model.SSTs.Impl.Statements.LabelledStatement","methods":[{"name":"KaVE.Commons.Model.SSTs.Impl.Statements.LabelledStatement()","type":"CTOR","count":52},{"name":"KaVE.Commons.Model.SSTs.Impl.Statements.LabelledStatement.Label","type":"PROP","count":22},{"name":"KaVE.Commons.Model.SSTs.Impl.Statements.LabelledStatement.Statement","type":"PROP","count":32},{"name":"KaVE.Commons.Model.SSTs.Impl.Statements.LabelledStatement.GetHashCode()","type":"SIMPLE","count":20}]}]}