{"collections":[{"fullName":"KaVE.Commons.Model.Names.CSharp.LambdaName","methods":[{"name":"KaVE.Commons.Model.Names.CSharp.LambdaName.Get(System.String identifier)","type":"SIMPLE","count":60},{"name":"KaVE.Commons.Model.Names.CSharp.LambdaName.Get(System.String identifier, System.Object[] args)","type":"SIMPLE","count":4},{"name":"KaVE.Commons.Model.Names.CSharp.LambdaName(System.String identifier)","type":"CTOR","count":2},{"name":"KaVE.Commons.Model.Names.CSharp.LambdaName.UnknownName","type":"PROP","count":2},{"name":"KaVE.Commons.Model.Names.CSharp.LambdaName.Parameters","type":"PROP","count":2}]}]}