{"collections":[{"fullName":"KaVE.Commons.Model.SSTs.Impl.Expressions.Assignable.LambdaExpression","methods":[{"name":"KaVE.Commons.Model.SSTs.Impl.Expressions.Assignable.LambdaExpression()","type":"CTOR","count":82},{"name":"KaVE.Commons.Model.SSTs.Impl.Expressions.Assignable.LambdaExpression.Name","type":"PROP","count":52},{"name":"KaVE.Commons.Model.SSTs.Impl.Expressions.Assignable.LambdaExpression.Body","type":"PROP","count":50},{"name":"KaVE.Commons.Model.SSTs.Impl.Expressions.Assignable.LambdaExpression.GetHashCode()","type":"SIMPLE","count":20}]}]}