{"collections":[{"fullName":"KaVE.Commons.Utils.Json.LegacyDataUtils","methods":[{"name":"KaVE.Commons.Utils.Json.LegacyDataUtils.UpdateLegacyDataFormats(System.String json, Newtonsoft.Json.JsonSerializerSettings settings)","type":"SIMPLE","count":4},{"name":"KaVE.Commons.Utils.Json.LegacyDataUtils.ConfigureConversionOfNonEnumerableProposalCollections(Newtonsoft.Json.JsonSerializerSettings settings)","type":"SIMPLE","count":2},{"name":"KaVE.Commons.Utils.Json.LegacyDataUtils.ChangeCompletionEventNamespace(System.String json)","type":"SIMPLE","count":2},{"name":"KaVE.Commons.Utils.Json.LegacyDataUtils.MoveModelToCommons(System.String json)","type":"SIMPLE","count":2},{"name":"KaVE.Commons.Utils.Json.LegacyDataUtils.MoveVariableDeclarationFromDeclarationsToStatements(System.String json)","type":"SIMPLE","count":2},{"name":"KaVE.Commons.Utils.Json.LegacyDataUtils.ShortenSSTTypeNames(System.String json)","type":"SIMPLE","count":2},{"name":"KaVE.Commons.Utils.Json.LegacyDataUtils.ConvertJaggedArraysWithMultidimensionalArrays(System.String json)","type":"SIMPLE","count":2}]}]}