{"collections":[{"fullName":"KaVE.JetBrains.Annotations.MeansImplicitUseAttribute","methods":[{"name":"KaVE.JetBrains.Annotations.MeansImplicitUseAttribute(KaVE.JetBrains.Annotations.ImplicitUseKindFlags useKindFlags, KaVE.JetBrains.Annotations.ImplicitUseTargetFlags targetFlags)","type":"CTOR","count":6},{"name":"KaVE.JetBrains.Annotations.MeansImplicitUseAttribute.UseKindFlags","type":"PROP","count":2},{"name":"KaVE.JetBrains.Annotations.MeansImplicitUseAttribute.TargetFlags","type":"PROP","count":2}]}]}