{"collections":[{"fullName":"KaVE.Commons.Model.Names.CSharp.MemberName","methods":[{"name":"KaVE.Commons.Model.Names.CSharp.MemberName(System.String identifier)","type":"CTOR","count":8},{"name":"KaVE.Commons.Model.Names.CSharp.MemberName.ValueType","type":"PROP","count":14},{"name":"KaVE.Commons.Model.Names.CSharp.MemberName.Modifiers","type":"PROP","count":8},{"name":"KaVE.Commons.Model.Names.CSharp.MemberName.IsStatic","type":"PROP","count":2},{"name":"KaVE.Commons.Model.Names.CSharp.MemberName.DeclaringType","type":"PROP","count":16}]}]}