{"collections":[{"fullName":"KaVE.Commons.Model.TypeShapes.MethodHierarchy","methods":[{"name":"KaVE.Commons.Model.TypeShapes.MethodHierarchy(KaVE.Commons.Model.Names.IMethodName methodName)","type":"CTOR","count":10},{"name":"KaVE.Commons.Model.TypeShapes.MethodHierarchy.Super","type":"PROP","count":28},{"name":"KaVE.Commons.Model.TypeShapes.MethodHierarchy.First","type":"PROP","count":38},{"name":"KaVE.Commons.Model.TypeShapes.MethodHierarchy()","type":"CTOR","count":72},{"name":"KaVE.Commons.Model.TypeShapes.MethodHierarchy.Element","type":"PROP","count":50},{"name":"KaVE.Commons.Model.TypeShapes.MethodHierarchy.GetHashCode()","type":"SIMPLE","count":20}]}]}