{"collections":[{"fullName":"KaVE.Commons.Model.Names.CSharp.MethodName","methods":[{"name":"KaVE.Commons.Model.Names.CSharp.MethodName.UnknownName","type":"PROP","count":56},{"name":"KaVE.Commons.Model.Names.CSharp.MethodName.Get(System.String identifier)","type":"SIMPLE","count":414},{"name":"KaVE.Commons.Model.Names.CSharp.MethodName.Get(System.String identifier, System.Object[] args)","type":"SIMPLE","count":60},{"name":"KaVE.Commons.Model.Names.CSharp.MethodName(System.String identifier)","type":"CTOR","count":2},{"name":"KaVE.Commons.Model.Names.CSharp.MethodName.HasTypeParameters","type":"PROP","count":4},{"name":"KaVE.Commons.Model.Names.CSharp.MethodName.FullName","type":"PROP","count":2},{"name":"KaVE.Commons.Model.Names.CSharp.MethodName.Name","type":"PROP","count":4},{"name":"KaVE.Commons.Model.Names.CSharp.MethodName.Parameters","type":"PROP","count":20},{"name":"KaVE.Commons.Model.Names.CSharp.MethodName.ReturnType","type":"PROP","count":6},{"name":"KaVE.Commons.Model.Names.CSharp.MethodName.TypeParameters","type":"PROP","count":4}]}]}