{"collections":[{"fullName":"KaVE.Commons.Model.SSTs.Impl.Declarations.MethodDeclaration","methods":[{"name":"KaVE.Commons.Model.SSTs.Impl.Declarations.MethodDeclaration()","type":"CTOR","count":134},{"name":"KaVE.Commons.Model.SSTs.Impl.Declarations.MethodDeclaration.Body","type":"PROP","count":220},{"name":"KaVE.Commons.Model.SSTs.Impl.Declarations.MethodDeclaration.IsEntryPoint","type":"PROP","count":50},{"name":"KaVE.Commons.Model.SSTs.Impl.Declarations.MethodDeclaration.Name","type":"PROP","count":70},{"name":"KaVE.Commons.Model.SSTs.Impl.Declarations.MethodDeclaration.GetHashCode()","type":"SIMPLE","count":24}]}]}