{"collections":[{"fullName":"KaVE.Commons.Model.SSTs.Impl.References.MethodReference","methods":[{"name":"KaVE.Commons.Model.SSTs.Impl.References.MethodReference()","type":"CTOR","count":58},{"name":"KaVE.Commons.Model.SSTs.Impl.References.MethodReference.MethodName","type":"PROP","count":32},{"name":"KaVE.Commons.Model.SSTs.Impl.References.MethodReference.Reference","type":"PROP","count":34},{"name":"KaVE.Commons.Model.SSTs.Impl.References.MethodReference.GetHashCode()","type":"SIMPLE","count":20}]}]}