{"collections":[{"fullName":"KaVE.Commons.Utils.Collections.Multiset`1[[T]]","methods":[{"name":"KaVE.Commons.Utils.Collections.Multiset`1[[T]].Add(T element, System.Int32 occurences)","type":"SIMPLE","count":2},{"name":"KaVE.Commons.Utils.Collections.Multiset`1[[T]].GetEnumerator()","type":"SIMPLE","count":2},{"name":"KaVE.Commons.Utils.Collections.Multiset`1[[T]].EntryDictionary","type":"PROP","count":2}]},{"fullName":"KaVE.Commons.Utils.Collections.Multiset`1[[T -\u003e p:string]]","methods":[{"name":"KaVE.Commons.Utils.Collections.Multiset`1[[T -\u003e p:string]]()","type":"CTOR","count":10},{"name":"KaVE.Commons.Utils.Collections.Multiset`1[[T -\u003e p:string]].Count()","type":"SIMPLE","count":4},{"name":"KaVE.Commons.Utils.Collections.Multiset`1[[T -\u003e p:string]].Count(T element)","type":"SIMPLE","count":6},{"name":"KaVE.Commons.Utils.Collections.Multiset`1[[T -\u003e p:string]](System.Collections.Generic.IEnumerable`1[[T -\u003e T]] elements)","type":"CTOR","count":8},{"name":"KaVE.Commons.Utils.Collections.Multiset`1[[T -\u003e p:string]].RemoveAll(T element)","type":"SIMPLE","count":2}]},{"fullName":"KaVE.Commons.Utils.Collections.Multiset`1[[T -\u003e s:System.DateTime, mscorlib, 4.0.0.0]]","methods":[{"name":"KaVE.Commons.Utils.Collections.Multiset`1[[T -\u003e s:System.DateTime, mscorlib, 4.0.0.0]]()","type":"CTOR","count":2},{"name":"KaVE.Commons.Utils.Collections.Multiset`1[[T -\u003e s:System.DateTime, mscorlib, 4.0.0.0]].Add(T element, System.Int32 occurences)","type":"SIMPLE","count":2}]}]}