{"collections":[{"fullName":"KaVE.Commons.Utils.Json.NameToJsonConverter","methods":[{"name":"KaVE.Commons.Utils.Json.NameToJsonConverter()","type":"CTOR","count":2},{"name":"KaVE.Commons.Utils.Json.NameToJsonConverter.ReadSerializationFrom(Newtonsoft.Json.JsonReader reader)","type":"SIMPLE","count":2},{"name":"KaVE.Commons.Utils.Json.NameToJsonConverter.ReadLegacyFormatFrom(Newtonsoft.Json.JsonReader reader)","type":"SIMPLE","count":2},{"name":"KaVE.Commons.Utils.Json.NameToJsonConverter.GetType(Newtonsoft.Json.Linq.JObject jObject)","type":"SIMPLE","count":2},{"name":"KaVE.Commons.Utils.Json.NameToJsonConverter.GetIdentifier(Newtonsoft.Json.Linq.JObject jName)","type":"SIMPLE","count":2}]}]}