{"collections":[{"fullName":"KaVE.Commons.Model.Names.CSharp.Name","methods":[{"name":"KaVE.Commons.Model.Names.CSharp.Name.Equals(System.Object other)","type":"SIMPLE","count":4},{"name":"KaVE.Commons.Model.Names.CSharp.Name.Get(System.String identifier)","type":"SIMPLE","count":62},{"name":"KaVE.Commons.Model.Names.CSharp.Name.UnknownName","type":"PROP","count":18},{"name":"KaVE.Commons.Model.Names.CSharp.Name.GetHashCode()","type":"SIMPLE","count":10},{"name":"KaVE.Commons.Model.Names.CSharp.Name(System.String identifier)","type":"CTOR","count":40},{"name":"KaVE.Commons.Model.Names.CSharp.Name.Identifier","type":"PROP","count":138},{"name":"KaVE.Commons.Model.Names.CSharp.Name.Equals(KaVE.Commons.Model.Names.IName other)","type":"SIMPLE","count":2},{"name":"(KaVE.Commons.Model.Names.CSharp.Name) object","type":"CAST","count":6}]}]}