{"collections":[{"fullName":"KaVE.Commons.Model.Names.NameToStringConverter","methods":[{"name":"KaVE.Commons.Model.Names.NameToStringConverter.AliasFor(System.Type nameType)","type":"SIMPLE","count":2},{"name":"KaVE.Commons.Model.Names.NameToStringConverter.TypeFrom(System.String alias)","type":"SIMPLE","count":2},{"name":"KaVE.Commons.Model.Names.NameToStringConverter.GetFactoryMethod(System.Type type)","type":"SIMPLE","count":2},{"name":"KaVE.Commons.Model.Names.NameToStringConverter()","type":"CTOR","count":2}]}]}