{"collections":[{"fullName":"KaVE.Commons.Model.Names.CSharp.NamespaceName","methods":[{"name":"KaVE.Commons.Model.Names.CSharp.NamespaceName.Get(System.String identifier)","type":"SIMPLE","count":38},{"name":"KaVE.Commons.Model.Names.CSharp.NamespaceName(System.String identifier)","type":"CTOR","count":2},{"name":"KaVE.Commons.Model.Names.CSharp.NamespaceName.IsGlobalNamespace","type":"PROP","count":2},{"name":"KaVE.Commons.Model.Names.CSharp.NamespaceName.UnknownName","type":"PROP","count":8}]}]}