{"collections":[{"fullName":"KaVE.Commons.Model.Names.CSharp.NameUtils","methods":[{"name":"KaVE.Commons.Model.Names.CSharp.NameUtils.RemoveGenerics(KaVE.Commons.Model.Names.IMethodName name)","type":"SIMPLE","count":18},{"name":"KaVE.Commons.Model.Names.CSharp.NameUtils.RemoveGenerics(System.String id)","type":"SIMPLE","count":2},{"name":"KaVE.Commons.Model.Names.CSharp.NameUtils.UpdateDepth(System.Int32 depth, System.Char open, System.Char close, System.Char current)","type":"SIMPLE","count":4},{"name":"KaVE.Commons.Model.Names.CSharp.NameUtils.StartOfNextTypeIdentifier(System.String identifier, System.Int32 offset)","type":"SIMPLE","count":2},{"name":"KaVE.Commons.Model.Names.CSharp.NameUtils.HasParameters(System.String identifierWithparameters)","type":"SIMPLE","count":6},{"name":"KaVE.Commons.Model.Names.CSharp.NameUtils.GetParameterNames(System.String identifierWithParameters)","type":"SIMPLE","count":14},{"name":"KaVE.Commons.Model.Names.CSharp.NameUtils.FindNext(System.String str, System.Int32 currentIndex, System.Char[] characters)","type":"SIMPLE","count":8},{"name":"KaVE.Commons.Model.Names.CSharp.NameUtils.FindPrevious(System.String str, System.Int32 currentIndex, System.Char character)","type":"SIMPLE","count":4},{"name":"KaVE.Commons.Model.Names.CSharp.NameUtils.GetCorresponding(System.Char c)","type":"SIMPLE","count":18},{"name":"KaVE.Commons.Model.Names.CSharp.NameUtils.FindCorrespondingCloseBracket(System.String str, System.Int32 currentIndex)","type":"SIMPLE","count":8},{"name":"KaVE.Commons.Model.Names.CSharp.NameUtils.FindCorrespondingOpenBracket(System.String str, System.Int32 currentIndex)","type":"SIMPLE","count":8}]}]}