{"collections":[{"fullName":"KaVE.Commons.Model.Events.NavigationEvent","methods":[{"name":"KaVE.Commons.Model.Events.NavigationEvent.Target","type":"PROP","count":18},{"name":"KaVE.Commons.Model.Events.NavigationEvent.Location","type":"PROP","count":20},{"name":"KaVE.Commons.Model.Events.NavigationEvent.TypeOfNavigation","type":"PROP","count":22},{"name":"KaVE.Commons.Model.Events.NavigationEvent()","type":"CTOR","count":30},{"name":"KaVE.Commons.Model.Events.NavigationEvent.GetHashCode()","type":"SIMPLE","count":24}]}]}