{"collections":[{"fullName":"KaVE.Commons.Model.Names.CSharp.ParameterName","methods":[{"name":"KaVE.Commons.Model.Names.CSharp.ParameterName.Get(System.String identifier)","type":"SIMPLE","count":106},{"name":"KaVE.Commons.Model.Names.CSharp.ParameterName.UnknownName","type":"PROP","count":10},{"name":"KaVE.Commons.Model.Names.CSharp.ParameterName(System.String identifier)","type":"CTOR","count":2},{"name":"KaVE.Commons.Model.Names.CSharp.ParameterName.ValueType","type":"PROP","count":8},{"name":"KaVE.Commons.Model.Names.CSharp.ParameterName.Modifiers","type":"PROP","count":10}]}]}