{"collections":[{"fullName":"KaVE.Commons.Model.SSTs.Impl.Declarations.PropertyDeclaration","methods":[{"name":"KaVE.Commons.Model.SSTs.Impl.Declarations.PropertyDeclaration()","type":"CTOR","count":94},{"name":"KaVE.Commons.Model.SSTs.Impl.Declarations.PropertyDeclaration.Name","type":"PROP","count":50},{"name":"KaVE.Commons.Model.SSTs.Impl.Declarations.PropertyDeclaration.Get","type":"PROP","count":36},{"name":"KaVE.Commons.Model.SSTs.Impl.Declarations.PropertyDeclaration.Set","type":"PROP","count":36},{"name":"KaVE.Commons.Model.SSTs.Impl.Declarations.PropertyDeclaration.GetHashCode()","type":"SIMPLE","count":24}]}]}