{"collections":[{"fullName":"KaVE.Commons.Model.Names.CSharp.PropertyName","methods":[{"name":"KaVE.Commons.Model.Names.CSharp.PropertyName.Get(System.String identifier, System.Object[] args)","type":"SIMPLE","count":16},{"name":"KaVE.Commons.Model.Names.CSharp.PropertyName.Get(System.String identifier)","type":"SIMPLE","count":76},{"name":"KaVE.Commons.Model.Names.CSharp.PropertyName.UnknownName","type":"PROP","count":8},{"name":"KaVE.Commons.Model.Names.CSharp.PropertyName(System.String identifier)","type":"CTOR","count":2}]}]}