{"collections":[{"fullName":"KaVE.Commons.Model.Events.CompletionEvents.ProposalSelection","methods":[{"name":"KaVE.Commons.Model.Events.CompletionEvents.ProposalSelection(KaVE.Commons.Model.Events.CompletionEvents.IProposal p)","type":"CTOR","count":14},{"name":"KaVE.Commons.Model.Events.CompletionEvents.ProposalSelection.SelectedAfter","type":"PROP","count":52},{"name":"KaVE.Commons.Model.Events.CompletionEvents.ProposalSelection()","type":"CTOR","count":64},{"name":"KaVE.Commons.Model.Events.CompletionEvents.ProposalSelection.Proposal","type":"PROP","count":38},{"name":"KaVE.Commons.Model.Events.CompletionEvents.ProposalSelection.DefaultIndex","type":"PROP","count":4},{"name":"KaVE.Commons.Model.Events.CompletionEvents.ProposalSelection.Index","type":"PROP","count":14},{"name":"KaVE.Commons.Model.Events.CompletionEvents.ProposalSelection.GetHashCode()","type":"SIMPLE","count":28}]}]}