{"collections":[{"fullName":"KaVE.Commons.Model.Events.CompletionEvents.ProposalCollection","methods":[{"name":"KaVE.Commons.Model.Events.CompletionEvents.ProposalCollection()","type":"CTOR","count":42},{"name":"KaVE.Commons.Model.Events.CompletionEvents.ProposalCollection.Proposals","type":"PROP","count":30},{"name":"KaVE.Commons.Model.Events.CompletionEvents.ProposalCollection(System.Collections.Generic.IEnumerable`1[[T -\u003e i:KaVE.Commons.Model.Events.CompletionEvents.IProposal, KaVE.Commons]] proposals)","type":"CTOR","count":12},{"name":"KaVE.Commons.Model.Events.CompletionEvents.ProposalCollection.Add(KaVE.Commons.Model.Events.CompletionEvents.IProposal proposal)","type":"SIMPLE","count":22},{"name":"KaVE.Commons.Model.Events.CompletionEvents.ProposalCollection.GetEnumerator()","type":"SIMPLE","count":4},{"name":"KaVE.Commons.Model.Events.CompletionEvents.ProposalCollection.GetHashCode()","type":"SIMPLE","count":16},{"name":"KaVE.Commons.Model.Events.CompletionEvents.ProposalCollection.GetPosition(KaVE.Commons.Model.Events.CompletionEvents.IProposal proposal)","type":"SIMPLE","count":4},{"name":"KaVE.Commons.Model.Events.CompletionEvents.ProposalCollection.Equals(System.Object obj)","type":"SIMPLE","count":6}]}]}