{"collections":[{"fullName":"KaVE.Commons.Model.SSTs.Impl.References.PropertyReference","methods":[{"name":"KaVE.Commons.Model.SSTs.Impl.References.PropertyReference()","type":"CTOR","count":70},{"name":"KaVE.Commons.Model.SSTs.Impl.References.PropertyReference.Reference","type":"PROP","count":44},{"name":"KaVE.Commons.Model.SSTs.Impl.References.PropertyReference.PropertyName","type":"PROP","count":44},{"name":"KaVE.Commons.Model.SSTs.Impl.References.PropertyReference.GetHashCode()","type":"SIMPLE","count":20}]}]}