{"collections":[{"fullName":"KaVE.Commons.Model.ObjectUsage.Query","methods":[{"name":"KaVE.Commons.Model.ObjectUsage.Query.type","type":"PROP","count":144},{"name":"KaVE.Commons.Model.ObjectUsage.Query.sites","type":"PROP","count":142},{"name":"KaVE.Commons.Model.ObjectUsage.Query.methodCtx","type":"PROP","count":72},{"name":"KaVE.Commons.Model.ObjectUsage.Query()","type":"CTOR","count":176},{"name":"KaVE.Commons.Model.ObjectUsage.Query.classCtx","type":"PROP","count":66},{"name":"KaVE.Commons.Model.ObjectUsage.Query.definition","type":"PROP","count":82},{"name":"KaVE.Commons.Model.ObjectUsage.Query(System.Collections.Generic.IEnumerable`1[[T -\u003e KaVE.Commons.Model.ObjectUsage.CallSite, KaVE.Commons]] callSites)","type":"CTOR","count":2},{"name":"KaVE.Commons.Model.ObjectUsage.Query.Equals(System.Object obj)","type":"SIMPLE","count":2}]}]}