{"collections":[{"fullName":"KaVE.Commons.Utils.IO.Archives.ReadingArchive","methods":[{"name":"KaVE.Commons.Utils.IO.Archives.ReadingArchive(System.String zipPath)","type":"CTOR","count":36},{"name":"KaVE.Commons.Utils.IO.Archives.ReadingArchive.GetAll()","type":"SIMPLE","count":22},{"name":"KaVE.Commons.Utils.IO.Archives.ReadingArchive.HasNext()","type":"SIMPLE","count":32},{"name":"KaVE.Commons.Utils.IO.Archives.ReadingArchive.GetNext()","type":"SIMPLE","count":20},{"name":"KaVE.Commons.Utils.IO.Archives.ReadingArchive.Count","type":"PROP","count":4},{"name":"KaVE.Commons.Utils.IO.Archives.ReadingArchive.ShouldMoveFurther(System.String current)","type":"SIMPLE","count":2}]}]}