{"collections":[{"fullName":"KaVE.Commons.Model.SSTs.Impl.Statements.ReturnStatement","methods":[{"name":"KaVE.Commons.Model.SSTs.Impl.Statements.ReturnStatement()","type":"CTOR","count":240},{"name":"KaVE.Commons.Model.SSTs.Impl.Statements.ReturnStatement.IsVoid","type":"PROP","count":52},{"name":"KaVE.Commons.Model.SSTs.Impl.Statements.ReturnStatement.Expression","type":"PROP","count":56},{"name":"KaVE.Commons.Model.SSTs.Impl.Statements.ReturnStatement.GetHashCode()","type":"SIMPLE","count":20}]}]}