{"collections":[{"fullName":"KaVE.Commons.Utils.ScheduledAction","methods":[{"name":"KaVE.Commons.Utils.ScheduledAction.Cancel()","type":"SIMPLE","count":4},{"name":"KaVE.Commons.Utils.ScheduledAction.RunNow()","type":"SIMPLE","count":2},{"name":"KaVE.Commons.Utils.ScheduledAction(System.Action actionToSchedule, System.Int64 millisToDelay, System.Action finishedAction)","type":"CTOR","count":6},{"name":"KaVE.Commons.Utils.ScheduledAction(System.Action actionToSchedule, System.Int64 millisToDelay)","type":"CTOR","count":2}]}]}