{"collections":[{"fullName":"KaVE.Commons.Utils.ObjectUsageExport.ScopedNameResolver","methods":[{"name":"KaVE.Commons.Utils.ObjectUsageExport.ScopedNameResolver.IsExisting(System.String id)","type":"SIMPLE","count":20},{"name":"KaVE.Commons.Utils.ObjectUsageExport.ScopedNameResolver.GetStaticType(System.String id)","type":"SIMPLE","count":8},{"name":"KaVE.Commons.Utils.ObjectUsageExport.ScopedNameResolver(KaVE.Commons.Utils.ObjectUsageExport.ScopedNameResolver parentResolver)","type":"CTOR","count":86},{"name":"KaVE.Commons.Utils.ObjectUsageExport.ScopedNameResolver.BoundNames","type":"PROP","count":4},{"name":"KaVE.Commons.Utils.ObjectUsageExport.ScopedNameResolver.Find(System.String id)","type":"SIMPLE","count":18},{"name":"KaVE.Commons.Utils.ObjectUsageExport.ScopedNameResolver.IsExistingInCurrentScope(System.String id)","type":"SIMPLE","count":10},{"name":"KaVE.Commons.Utils.ObjectUsageExport.ScopedNameResolver.IsExistingInCurrentScope(KaVE.Commons.Model.ObjectUsage.CoReTypeName type)","type":"SIMPLE","count":10},{"name":"KaVE.Commons.Utils.ObjectUsageExport.ScopedNameResolver.Find(KaVE.Commons.Model.ObjectUsage.CoReTypeName type)","type":"SIMPLE","count":14},{"name":"KaVE.Commons.Utils.ObjectUsageExport.ScopedNameResolver.Register(System.String id, KaVE.Commons.Model.ObjectUsage.Query q)","type":"SIMPLE","count":40},{"name":"KaVE.Commons.Utils.ObjectUsageExport.ScopedNameResolver.Register(KaVE.Commons.Model.ObjectUsage.CoReTypeName type, KaVE.Commons.Model.ObjectUsage.Query q)","type":"SIMPLE","count":26},{"name":"KaVE.Commons.Utils.ObjectUsageExport.ScopedNameResolver.IsExisting(KaVE.Commons.Model.ObjectUsage.CoReTypeName type)","type":"SIMPLE","count":16},{"name":"KaVE.Commons.Utils.ObjectUsageExport.ScopedNameResolver.GetHashCode()","type":"SIMPLE","count":30}]}]}