{"collections":[{"fullName":"KaVE.Commons.Utils.ObjectUsageExport.ScopedEnclosings","methods":[{"name":"KaVE.Commons.Utils.ObjectUsageExport.ScopedEnclosings.Parent","type":"PROP","count":12},{"name":"KaVE.Commons.Utils.ObjectUsageExport.ScopedEnclosings.Type","type":"PROP","count":18},{"name":"KaVE.Commons.Utils.ObjectUsageExport.ScopedEnclosings.Method","type":"PROP","count":18},{"name":"KaVE.Commons.Utils.ObjectUsageExport.ScopedEnclosings()","type":"CTOR","count":12},{"name":"KaVE.Commons.Utils.ObjectUsageExport.ScopedEnclosings(KaVE.Commons.Utils.ObjectUsageExport.ScopedEnclosings parent)","type":"CTOR","count":8}]}]}