{"collections":[{"fullName":"KaVE.Commons.Utils.Collections.SetEqualityComparer`1[[TElement -\u003e p:int]]","methods":[{"name":"KaVE.Commons.Utils.Collections.SetEqualityComparer`1[[TElement -\u003e p:int]].Equals(System.Collections.Generic.ISet`1[[T -\u003e TElement]] x, System.Collections.Generic.ISet`1[[T -\u003e TElement]] y)","type":"SIMPLE","count":8},{"name":"KaVE.Commons.Utils.Collections.SetEqualityComparer`1[[TElement -\u003e p:int]].GetHashCode(System.Collections.Generic.ISet`1[[T -\u003e TElement]] obj)","type":"SIMPLE","count":16}]},{"fullName":"KaVE.Commons.Utils.Collections.SetEqualityComparer`1[[TElement -\u003e KaVE.Commons.Tests.Utils.Collections.SetEqualityComparerTest+Element, KaVE.Commons.Tests]]","methods":[{"name":"KaVE.Commons.Utils.Collections.SetEqualityComparer`1[[TElement -\u003e KaVE.Commons.Tests.Utils.Collections.SetEqualityComparerTest+Element, KaVE.Commons.Tests]].Equals(System.Collections.Generic.ISet`1[[T -\u003e TElement]] x, System.Collections.Generic.ISet`1[[T -\u003e TElement]] y)","type":"SIMPLE","count":4},{"name":"KaVE.Commons.Utils.Collections.SetEqualityComparer`1[[TElement -\u003e KaVE.Commons.Tests.Utils.Collections.SetEqualityComparerTest+Element, KaVE.Commons.Tests]].GetHashCode(System.Collections.Generic.ISet`1[[T -\u003e TElement]] obj)","type":"SIMPLE","count":8}]},{"fullName":"KaVE.Commons.Utils.Collections.SetEqualityComparer`1[[TElement -\u003e TElement]]","methods":[{"name":"KaVE.Commons.Utils.Collections.SetEqualityComparer`1[[TElement -\u003e TElement]]()","type":"CTOR","count":2}]}]}