{"collections":[{"fullName":"KaVE.Commons.Utils.Collections.Sets","methods":[{"name":"KaVE.Commons.Utils.Collections.Sets.NewHashSet()","type":"SIMPLE","count":92},{"name":"KaVE.Commons.Utils.Collections.Sets.NewHashSetFrom(System.Collections.Generic.IEnumerable`1[[T -\u003e T]] ts)","type":"SIMPLE","count":38},{"name":"KaVE.Commons.Utils.Collections.Sets.NewHashSet(T[] ts)","type":"SIMPLE","count":116},{"name":"KaVE.Commons.Utils.Collections.Sets.NewSortedSet(System.Func`3[[T1 -\u003e T],[T2 -\u003e T],[TResult -\u003e e:KaVE.Commons.Utils.Collections.ComparisonResult, KaVE.Commons]] comparer)","type":"SIMPLE","count":26}]}]}