{"collections":[{"fullName":"KaVE.Commons.Utils.CodeCompletion.Impl.SmilePBNRecommenderStore","methods":[{"name":"KaVE.Commons.Utils.CodeCompletion.Impl.SmilePBNRecommenderStore.BasePath","type":"PROP","count":4},{"name":"KaVE.Commons.Utils.CodeCompletion.Impl.SmilePBNRecommenderStore.GetNestedFileName(System.String basePath, KaVE.Commons.Model.ObjectUsage.CoReTypeName typeName, System.String extension)","type":"SIMPLE","count":4},{"name":"KaVE.Commons.Utils.CodeCompletion.Impl.SmilePBNRecommenderStore.GetFlatFileName(System.String basePath, KaVE.Commons.Model.ObjectUsage.CoReTypeName typeName, System.String extension)","type":"SIMPLE","count":2},{"name":"KaVE.Commons.Utils.CodeCompletion.Impl.SmilePBNRecommenderStore.ReadNetwork(System.String xdslFileName)","type":"SIMPLE","count":2},{"name":"KaVE.Commons.Utils.CodeCompletion.Impl.SmilePBNRecommenderStore(System.String basePath, KaVE.Commons.Utils.IO.IIoUtils io, KaVE.Commons.Utils.CodeCompletion.Impl.TypePathUtil typePath)","type":"CTOR","count":8},{"name":"KaVE.Commons.Utils.CodeCompletion.Impl.SmilePBNRecommenderStore.IsAvailable(KaVE.Commons.Model.ObjectUsage.CoReTypeName type)","type":"SIMPLE","count":6},{"name":"KaVE.Commons.Utils.CodeCompletion.Impl.SmilePBNRecommenderStore.Load(KaVE.Commons.Model.ObjectUsage.CoReTypeName type)","type":"SIMPLE","count":10}]}]}