{"collections":[{"fullName":"KaVE.Commons.Utils.CodeCompletion.Impl.SmilePBNRecommender","methods":[{"name":"KaVE.Commons.Utils.CodeCompletion.Impl.SmilePBNRecommender(KaVE.Commons.Model.ObjectUsage.CoReTypeName type, Smile.Network network)","type":"CTOR","count":20},{"name":"KaVE.Commons.Utils.CodeCompletion.Impl.SmilePBNRecommender.InitializeNodes()","type":"SIMPLE","count":2},{"name":"KaVE.Commons.Utils.CodeCompletion.Impl.SmilePBNRecommender.AssignToClassMember(System.Int32 nodeHandle)","type":"SIMPLE","count":2},{"name":"KaVE.Commons.Utils.CodeCompletion.Impl.SmilePBNRecommender.AddEvidenceIfAvailable(System.Int32 nodeHandle, System.String outcome)","type":"SIMPLE","count":6},{"name":"KaVE.Commons.Utils.CodeCompletion.Impl.SmilePBNRecommender.AddCallSiteEvidenceIfAvailable(KaVE.Commons.Model.ObjectUsage.CallSite site)","type":"SIMPLE","count":2},{"name":"KaVE.Commons.Utils.CodeCompletion.Impl.SmilePBNRecommender.CollectProposals()","type":"SIMPLE","count":2},{"name":"KaVE.Commons.Utils.CodeCompletion.Impl.SmilePBNRecommender.ConvertToLegalSmileName(System.String name)","type":"SIMPLE","count":22},{"name":"KaVE.Commons.Utils.CodeCompletion.Impl.SmilePBNRecommender.AddCallSiteEvidenceIfAvailable(KaVE.Commons.Model.ObjectUsage.CallSite callSite, System.Collections.Generic.Dictionary`2[[TKey -\u003e KaVE.Commons.Model.ObjectUsage.CallSite, KaVE.Commons],[TValue -\u003e p:int]] sitesToHandle)","type":"SIMPLE","count":4},{"name":"KaVE.Commons.Utils.CodeCompletion.Impl.SmilePBNRecommender.GetProbability(KaVE.Commons.Model.ObjectUsage.CallSite site)","type":"SIMPLE","count":2},{"name":"KaVE.Commons.Utils.CodeCompletion.Impl.SmilePBNRecommender.CreateProposalComparer()","type":"SIMPLE","count":2},{"name":"KaVE.Commons.Utils.CodeCompletion.Impl.SmilePBNRecommender.Query(KaVE.Commons.Model.ObjectUsage.Query query)","type":"SIMPLE","count":32},{"name":"KaVE.Commons.Utils.CodeCompletion.Impl.SmilePBNRecommender.GetHashCode()","type":"SIMPLE","count":12}]}]}