{"collections":[{"fullName":"KaVE.Commons.Utils.CodeCompletion.Impl.SmilePBNRecommenderConstants","methods":[{"name":"KaVE.Commons.Utils.CodeCompletion.Impl.SmilePBNRecommenderConstants.NewClassContext(KaVE.Commons.Model.ObjectUsage.CoReTypeName typeName)","type":"SIMPLE","count":4},{"name":"KaVE.Commons.Utils.CodeCompletion.Impl.SmilePBNRecommenderConstants.NewMethodContext(KaVE.Commons.Model.ObjectUsage.CoReMethodName methodName)","type":"SIMPLE","count":4},{"name":"KaVE.Commons.Utils.CodeCompletion.Impl.SmilePBNRecommenderConstants.NewDefinition(KaVE.Commons.Model.ObjectUsage.DefinitionSite definition)","type":"SIMPLE","count":12},{"name":"KaVE.Commons.Utils.CodeCompletion.Impl.SmilePBNRecommenderConstants.NewReceiverCallSite(KaVE.Commons.Model.ObjectUsage.CallSite site)","type":"SIMPLE","count":4},{"name":"KaVE.Commons.Utils.CodeCompletion.Impl.SmilePBNRecommenderConstants.NewParameterSite(KaVE.Commons.Model.ObjectUsage.CallSite site)","type":"SIMPLE","count":2}]}]}