{"collections":[{"fullName":"KaVE.Commons.Utils.CodeCompletion.Impl.SmileNetworkUtils","methods":[{"name":"KaVE.Commons.Utils.CodeCompletion.Impl.SmileNetworkUtils.Equals(Smile.Network a, Smile.Network b)","type":"SIMPLE","count":2},{"name":"KaVE.Commons.Utils.CodeCompletion.Impl.SmileNetworkUtils.FixPrecision(System.Double p)","type":"SIMPLE","count":2},{"name":"KaVE.Commons.Utils.CodeCompletion.Impl.SmileNetworkUtils.GetHashCodeExtension(Smile.Network n)","type":"SIMPLE","count":28},{"name":"KaVE.Commons.Utils.CodeCompletion.Impl.SmileNetworkUtils.EqualsExtension(Smile.Network a, System.Object obj)","type":"SIMPLE","count":12}]}]}