{"collections":[{"fullName":"KaVE.Commons.Model.SSTs.Impl.SST","methods":[{"name":"KaVE.Commons.Model.SSTs.Impl.SST()","type":"CTOR","count":188},{"name":"KaVE.Commons.Model.SSTs.Impl.SST.EnclosingType","type":"PROP","count":78},{"name":"KaVE.Commons.Model.SSTs.Impl.SST.PartialClassIdentifier","type":"PROP","count":20},{"name":"KaVE.Commons.Model.SSTs.Impl.SST.Delegates","type":"PROP","count":32},{"name":"KaVE.Commons.Model.SSTs.Impl.SST.Events","type":"PROP","count":34},{"name":"KaVE.Commons.Model.SSTs.Impl.SST.Fields","type":"PROP","count":36},{"name":"KaVE.Commons.Model.SSTs.Impl.SST.Properties","type":"PROP","count":40},{"name":"KaVE.Commons.Model.SSTs.Impl.SST.Methods","type":"PROP","count":70},{"name":"KaVE.Commons.Model.SSTs.Impl.SST.GetHashCode()","type":"SIMPLE","count":40},{"name":"KaVE.Commons.Model.SSTs.Impl.SST.NonEntryPoints","type":"PROP","count":2},{"name":"KaVE.Commons.Model.SSTs.Impl.SST.Accept(KaVE.Commons.Model.SSTs.Visitor.ISSTNodeVisitor`1[[TContext -\u003e TContext]] visitor, TContext context)","type":"SIMPLE","count":6}]}]}