{"collections":[{"fullName":"KaVE.Commons.Utils.SSTPrinter.SSTPrintingContext","methods":[{"name":"KaVE.Commons.Utils.SSTPrinter.SSTPrintingContext.TypeShape","type":"PROP","count":24},{"name":"KaVE.Commons.Utils.SSTPrinter.SSTPrintingContext.SeenNamespaces","type":"PROP","count":2},{"name":"KaVE.Commons.Utils.SSTPrinter.SSTPrintingContext.ToString()","type":"SIMPLE","count":30},{"name":"KaVE.Commons.Utils.SSTPrinter.SSTPrintingContext.Text(System.String text)","type":"SIMPLE","count":240},{"name":"KaVE.Commons.Utils.SSTPrinter.SSTPrintingContext.IndentationLevel","type":"PROP","count":36},{"name":"KaVE.Commons.Utils.SSTPrinter.SSTPrintingContext.TypeNameOnly(KaVE.Commons.Model.Names.ITypeName typeName)","type":"SIMPLE","count":4},{"name":"KaVE.Commons.Utils.SSTPrinter.SSTPrintingContext.TypeParameters(System.Collections.Generic.IList`1[[T -\u003e i:KaVE.Commons.Model.Names.ITypeName, KaVE.Commons]] typeParameters)","type":"SIMPLE","count":4},{"name":"KaVE.Commons.Utils.SSTPrinter.SSTPrintingContext.LeftAngleBracket()","type":"SIMPLE","count":2},{"name":"KaVE.Commons.Utils.SSTPrinter.SSTPrintingContext.TypeParameterShortName(System.String typeParameterShortName)","type":"SIMPLE","count":4},{"name":"KaVE.Commons.Utils.SSTPrinter.SSTPrintingContext.Type(KaVE.Commons.Model.Names.ITypeName typeName)","type":"SIMPLE","count":44},{"name":"KaVE.Commons.Utils.SSTPrinter.SSTPrintingContext.RightAngleBracket()","type":"SIMPLE","count":2},{"name":"KaVE.Commons.Utils.SSTPrinter.SSTPrintingContext.Keyword(System.String keyword)","type":"SIMPLE","count":90},{"name":"KaVE.Commons.Utils.SSTPrinter.SSTPrintingContext.Space()","type":"SIMPLE","count":98},{"name":"KaVE.Commons.Utils.SSTPrinter.SSTPrintingContext.NewLine()","type":"SIMPLE","count":44},{"name":"KaVE.Commons.Utils.SSTPrinter.SSTPrintingContext.Indentation()","type":"SIMPLE","count":94},{"name":"KaVE.Commons.Utils.SSTPrinter.SSTPrintingContext.ParameterList(System.Collections.Generic.IList`1[[T -\u003e i:KaVE.Commons.Model.Names.IParameterName, KaVE.Commons]] parameters)","type":"SIMPLE","count":12},{"name":"KaVE.Commons.Utils.SSTPrinter.SSTPrintingContext.StatementBlock(KaVE.Commons.Utils.Collections.IKaVEList`1[[T -\u003e i:KaVE.Commons.Model.SSTs.IStatement, KaVE.Commons]] block, KaVE.Commons.Model.SSTs.Visitor.ISSTNodeVisitor`1[[TContext -\u003e KaVE.Commons.Utils.SSTPrinter.SSTPrintingContext, KaVE.Commons]] visitor, System.Boolean withBrackets)","type":"SIMPLE","count":48},{"name":"KaVE.Commons.Utils.SSTPrinter.SSTPrintingContext.Comment(System.String commentText)","type":"SIMPLE","count":4},{"name":"KaVE.Commons.Utils.SSTPrinter.SSTPrintingContext.CursorPosition()","type":"SIMPLE","count":4},{"name":"KaVE.Commons.Utils.SSTPrinter.SSTPrintingContext.StringLiteral(System.String value)","type":"SIMPLE","count":4},{"name":"KaVE.Commons.Utils.SSTPrinter.SSTPrintingContext.UnknownMarker()","type":"SIMPLE","count":8},{"name":"KaVE.Commons.Utils.SSTPrinter.SSTPrintingContext.RawText(System.String text)","type":"SIMPLE","count":32},{"name":"KaVE.Commons.Utils.SSTPrinter.SSTPrintingContext()","type":"CTOR","count":30}]}]}