{"collections":[{"fullName":"KaVE.Commons.Utils.SSTPrinter.SSTPrintingVisitor","methods":[{"name":"KaVE.Commons.Utils.SSTPrinter.SSTPrintingVisitor()","type":"CTOR","count":14},{"name":"KaVE.Commons.Utils.SSTPrinter.SSTPrintingVisitor.Visit(KaVE.Commons.Model.SSTs.ISST sst, KaVE.Commons.Utils.SSTPrinter.SSTPrintingContext c)","type":"SIMPLE","count":2},{"name":"KaVE.Commons.Utils.SSTPrinter.SSTPrintingVisitor.AppendMemberDeclarationGroup(KaVE.Commons.Utils.SSTPrinter.SSTPrintingContext c, System.Collections.Generic.IEnumerable`1[[T -\u003e i:KaVE.Commons.Model.SSTs.IMemberDeclaration, KaVE.Commons]] nodeGroup, System.Int32 inBetweenNewLineCount, System.Int32 trailingNewLineCount)","type":"SIMPLE","count":10},{"name":"KaVE.Commons.Utils.SSTPrinter.SSTPrintingVisitor.AppendPropertyAccessor(KaVE.Commons.Utils.SSTPrinter.SSTPrintingContext c, KaVE.Commons.Utils.Collections.IKaVEList`1[[T -\u003e i:KaVE.Commons.Model.SSTs.IStatement, KaVE.Commons]] body, System.String keyword)","type":"SIMPLE","count":4},{"name":"KaVE.Commons.Utils.SSTPrinter.SSTPrintingVisitor.AddCommaIfNotLast(T node, KaVE.Commons.Utils.Collections.IKaVEList`1[[T -\u003e T]] list, KaVE.Commons.Utils.SSTPrinter.SSTPrintingContext c)","type":"SIMPLE","count":6}]}]}