{"collections":[{"fullName":"KaVE.Commons.Model.SSTs.Impl.SSTUtil","methods":[{"name":"KaVE.Commons.Model.SSTs.Impl.SSTUtil.Declare(System.String identifier, KaVE.Commons.Model.Names.ITypeName type)","type":"SIMPLE","count":102},{"name":"KaVE.Commons.Model.SSTs.Impl.SSTUtil.AssignmentToLocal(System.String identifier, KaVE.Commons.Model.SSTs.Expressions.IAssignableExpression expr)","type":"SIMPLE","count":90},{"name":"KaVE.Commons.Model.SSTs.Impl.SSTUtil.ComposedExpression(System.String[] strReferences)","type":"SIMPLE","count":34},{"name":"KaVE.Commons.Model.SSTs.Impl.SSTUtil.InvocationExpression(System.String id, KaVE.Commons.Model.Names.IMethodName name)","type":"SIMPLE","count":16},{"name":"KaVE.Commons.Model.SSTs.Impl.SSTUtil.InvocationStatement(System.String id, KaVE.Commons.Model.Names.IMethodName name, System.Collections.Generic.IEnumerable`1[[T -\u003e i:KaVE.Commons.Model.SSTs.Expressions.ISimpleExpression, KaVE.Commons]] parameters)","type":"SIMPLE","count":6},{"name":"KaVE.Commons.Model.SSTs.Impl.SSTUtil.InvocationExpression(System.String id, KaVE.Commons.Model.Names.IMethodName name, System.Collections.Generic.IEnumerable`1[[T -\u003e i:KaVE.Commons.Model.SSTs.Expressions.ISimpleExpression, KaVE.Commons]] parameters)","type":"SIMPLE","count":22},{"name":"KaVE.Commons.Model.SSTs.Impl.SSTUtil.VariableReference(System.String id)","type":"SIMPLE","count":56},{"name":"KaVE.Commons.Model.SSTs.Impl.SSTUtil.InvocationExpression(KaVE.Commons.Model.Names.IMethodName name, System.Collections.Generic.IEnumerable`1[[T -\u003e i:KaVE.Commons.Model.SSTs.Expressions.ISimpleExpression, KaVE.Commons]] parameters)","type":"SIMPLE","count":6},{"name":"KaVE.Commons.Model.SSTs.Impl.SSTUtil.ReferenceExprToVariable(System.String id)","type":"SIMPLE","count":4},{"name":"KaVE.Commons.Model.SSTs.Impl.SSTUtil.Return(KaVE.Commons.Model.SSTs.Expressions.ISimpleExpression expression)","type":"SIMPLE","count":4},{"name":"KaVE.Commons.Model.SSTs.Impl.SSTUtil.ReturnVariable(System.String id)","type":"SIMPLE","count":2},{"name":"KaVE.Commons.Model.SSTs.Impl.SSTUtil.InvocationStatement(KaVE.Commons.Model.Names.IMethodName name, System.Collections.Generic.IEnumerable`1[[T -\u003e i:KaVE.Commons.Model.SSTs.Expressions.ISimpleExpression, KaVE.Commons]] parameters)","type":"SIMPLE","count":2},{"name":"KaVE.Commons.Model.SSTs.Impl.SSTUtil.LockBlock(System.String id)","type":"SIMPLE","count":2}]}]}