{"collections":[{"fullName":"KaVE.Commons.Utils.StringUtils","methods":[{"name":"KaVE.Commons.Utils.StringUtils.AsBytes(System.String str)","type":"SIMPLE","count":8},{"name":"KaVE.Commons.Utils.StringUtils.AsString(System.Byte[] bytes)","type":"SIMPLE","count":4},{"name":"KaVE.Commons.Utils.StringUtils.Contains(System.String value, System.String needle, System.Globalization.CompareOptions compareOptions)","type":"SIMPLE","count":14},{"name":"KaVE.Commons.Utils.StringUtils.ContainsAny(System.String value, System.String[] needles)","type":"SIMPLE","count":4}]}]}