{"collections":[{"fullName":"KaVE.Commons.Model.Names.CSharp.StructTypeName","methods":[{"name":"KaVE.Commons.Model.Names.CSharp.StructTypeName.IsSimpleTypeIdentifier(System.String identifier)","type":"SIMPLE","count":4},{"name":"KaVE.Commons.Model.Names.CSharp.StructTypeName.IsNullableTypeIdentifier(System.String identifier)","type":"SIMPLE","count":4},{"name":"KaVE.Commons.Model.Names.CSharp.StructTypeName.IsVoidTypeIdentifier(System.String identifier)","type":"SIMPLE","count":4},{"name":"KaVE.Commons.Model.Names.CSharp.StructTypeName.IsNumericTypeName(System.String identifier)","type":"SIMPLE","count":2},{"name":"KaVE.Commons.Model.Names.CSharp.StructTypeName.IsIntegralTypeName(System.String identifier)","type":"SIMPLE","count":2},{"name":"KaVE.Commons.Model.Names.CSharp.StructTypeName.IsFloatingPointTypeName(System.String identifier)","type":"SIMPLE","count":2},{"name":"KaVE.Commons.Model.Names.CSharp.StructTypeName.IsStructTypeIdentifier(System.String identifier)","type":"SIMPLE","count":2},{"name":"KaVE.Commons.Model.Names.CSharp.StructTypeName(System.String identifier)","type":"CTOR","count":2}]}]}