{"collections":[{"fullName":"KaVE.Commons.Utils.Collections.ThreadSafeDictionary`2[[TKey -\u003e ?],[TValue -\u003e KaVE.Commons.Utils.ScheduledAction, KaVE.Commons]]","methods":[{"name":"KaVE.Commons.Utils.Collections.ThreadSafeDictionary`2[[TKey -\u003e ?],[TValue -\u003e KaVE.Commons.Utils.ScheduledAction, KaVE.Commons]](System.Func`2[[T -\u003e TKey],[TResult -\u003e TValue]] defaultValueCreator)","type":"CTOR","count":2}]},{"fullName":"KaVE.Commons.Utils.Collections.ThreadSafeDictionary`2[[TKey],[TValue]]","methods":[{"name":"KaVE.Commons.Utils.Collections.ThreadSafeDictionary`2[[TKey],[TValue]].GetEnumerator()","type":"SIMPLE","count":2},{"name":"KaVE.Commons.Utils.Collections.ThreadSafeDictionary`2[[TKey],[TValue]].Add(TKey key, TValue value)","type":"SIMPLE","count":2},{"name":"KaVE.Commons.Utils.Collections.ThreadSafeDictionary`2[[TKey],[TValue]].RemoveValue(TKey key)","type":"SIMPLE","count":4},{"name":"KaVE.Commons.Utils.Collections.ThreadSafeDictionary`2[[TKey],[TValue]].AddValue(TKey key, TValue obj)","type":"SIMPLE","count":4},{"name":"KaVE.Commons.Utils.Collections.ThreadSafeDictionary`2[[TKey],[TValue]].SetValueThreadSafe(TKey key, TValue value)","type":"SIMPLE","count":4},{"name":"KaVE.Commons.Utils.Collections.ThreadSafeDictionary`2[[TKey],[TValue]].SetValue(TKey key, TValue value)","type":"SIMPLE","count":2}]}]}