{"collections":[{"fullName":"KaVE.Commons.Utils.ToStringUtils","methods":[{"name":"KaVE.Commons.Utils.ToStringUtils.ToStringReflection(T obj)","type":"SIMPLE","count":194},{"name":"KaVE.Commons.Utils.ToStringUtils.PrimitiveToString(System.Object o)","type":"SIMPLE","count":2},{"name":"KaVE.Commons.Utils.ToStringUtils.StringToString(System.Object o)","type":"SIMPLE","count":6},{"name":"KaVE.Commons.Utils.ToStringUtils.EnumerableToString(System.Object o)","type":"SIMPLE","count":2},{"name":"KaVE.Commons.Utils.ToStringUtils.ReflectiveToString(System.Object obj)","type":"SIMPLE","count":2},{"name":"KaVE.Commons.Utils.ToStringUtils.GetMembers(System.Reflection.IReflect type, System.Object obj)","type":"SIMPLE","count":2},{"name":"KaVE.Commons.Utils.ToStringUtils.IsConstField(System.Reflection.MemberInfo memberInfo)","type":"SIMPLE","count":2}]}]}