{"collections":[{"fullName":"KaVE.Commons.Model.SSTs.Impl.Expressions.Assignable.TypeCheckExpression","methods":[{"name":"KaVE.Commons.Model.SSTs.Impl.Expressions.Assignable.TypeCheckExpression()","type":"CTOR","count":54},{"name":"KaVE.Commons.Model.SSTs.Impl.Expressions.Assignable.TypeCheckExpression.Reference","type":"PROP","count":42},{"name":"KaVE.Commons.Model.SSTs.Impl.Expressions.Assignable.TypeCheckExpression.Type","type":"PROP","count":38},{"name":"(KaVE.Commons.Model.SSTs.Impl.Expressions.Assignable.TypeCheckExpression) object","type":"CAST","count":2},{"name":"KaVE.Commons.Model.SSTs.Impl.Expressions.Assignable.TypeCheckExpression.Equals(KaVE.Commons.Model.SSTs.Impl.Expressions.Assignable.TypeCheckExpression other)","type":"SIMPLE","count":2},{"name":"KaVE.Commons.Model.SSTs.Impl.Expressions.Assignable.TypeCheckExpression.GetHashCode()","type":"SIMPLE","count":20}]}]}