{"collections":[{"fullName":"KaVE.Commons.Utils.Reflection.TypeExtensions`1[[T -\u003e KaVE.VS.FeedbackGenerator.Tests.SessionManager.Presentation.MultiSelectionTest+TestModel, KaVE.VS.FeedbackGenerator.Tests]]","methods":[{"name":"KaVE.Commons.Utils.Reflection.TypeExtensions`1[[T -\u003e KaVE.VS.FeedbackGenerator.Tests.SessionManager.Presentation.MultiSelectionTest+TestModel, KaVE.VS.FeedbackGenerator.Tests]].GetPropertyName(System.Linq.Expressions.Expression`1[[TDelegate -\u003e d:[TResult] [System.Func`2[[T -\u003e T],[TResult -\u003e TProperty]], mscorlib, 4.0.0.0].([T] arg)]] expression)","type":"SIMPLE","count":4}]},{"fullName":"KaVE.Commons.Utils.Reflection.TypeExtensions","methods":[{"name":"KaVE.Commons.Utils.Reflection.TypeExtensions.RegisterToEvent(System.Object self, System.String eventName, System.Delegate handler)","type":"SIMPLE","count":6},{"name":"KaVE.Commons.Utils.Reflection.TypeExtensions.GetPrivatePropertyValue(System.Object self, System.String propertyName)","type":"SIMPLE","count":6},{"name":"KaVE.Commons.Utils.Reflection.TypeExtensions.GetMembersWithCustomAttributeNoInherit(System.Type self)","type":"SIMPLE","count":4},{"name":"KaVE.Commons.Utils.Reflection.TypeExtensions.GetPublicPropertyValue(System.Object self, System.String propertyName)","type":"SIMPLE","count":4},{"name":"KaVE.Commons.Utils.Reflection.TypeExtensions.GetPrivateFieldValue(System.Object self, System.String fieldName)","type":"SIMPLE","count":4}]},{"fullName":"KaVE.Commons.Utils.Reflection.TypeExtensions`1[[T -\u003e System.Windows.Controls.ListView, PresentationFramework, 4.0.0.0]]","methods":[{"name":"KaVE.Commons.Utils.Reflection.TypeExtensions`1[[T -\u003e System.Windows.Controls.ListView, PresentationFramework, 4.0.0.0]].GetPropertyName(System.Linq.Expressions.Expression`1[[TDelegate -\u003e d:[TResult] [System.Func`2[[T -\u003e T],[TResult -\u003e TProperty]], mscorlib, 4.0.0.0].([T] arg)]] expression)","type":"SIMPLE","count":2}]},{"fullName":"KaVE.Commons.Utils.Reflection.TypeExtensions`1[[T -\u003e T]]","methods":[{"name":"KaVE.Commons.Utils.Reflection.TypeExtensions`1[[T -\u003e T]].GetPropertyName(System.Linq.Expressions.Expression`1[[TDelegate -\u003e d:[TResult] [System.Func`2[[T -\u003e T],[TResult -\u003e TProperty]], mscorlib, 4.0.0.0].([T] arg)]] expression)","type":"SIMPLE","count":4}]},{"fullName":"KaVE.Commons.Utils.Reflection.TypeExtensions`1[[T]]","methods":[{"name":"KaVE.Commons.Utils.Reflection.TypeExtensions`1[[T]].ThrowInvalidExpression(System.Linq.Expressions.ExpressionType expectedType, System.Linq.Expressions.ExpressionType actualType)","type":"SIMPLE","count":4}]},{"fullName":"KaVE.Commons.Utils.Reflection.TypeExtensions`1[[T -\u003e KaVE.Commons.Tests.Utils.Reflection.TypeExtensionsTest, KaVE.Commons.Tests]]","methods":[{"name":"KaVE.Commons.Utils.Reflection.TypeExtensions`1[[T -\u003e KaVE.Commons.Tests.Utils.Reflection.TypeExtensionsTest, KaVE.Commons.Tests]].GetPropertyName(System.Linq.Expressions.Expression`1[[TDelegate -\u003e d:[TResult] [System.Func`2[[T -\u003e T],[TResult -\u003e TProperty]], mscorlib, 4.0.0.0].([T] arg)]] expression)","type":"SIMPLE","count":6},{"name":"KaVE.Commons.Utils.Reflection.TypeExtensions`1[[T -\u003e KaVE.Commons.Tests.Utils.Reflection.TypeExtensionsTest, KaVE.Commons.Tests]].GetMethodName(System.Linq.Expressions.Expression`1[[TDelegate -\u003e d:[p:void] [System.Action`1[[T -\u003e T]], mscorlib, 4.0.0.0].([T] obj)]] expression)","type":"SIMPLE","count":2}]},{"fullName":"KaVE.Commons.Utils.Reflection.TypeExtensions`1[[T -\u003e KaVE.Commons.Model.Events.IDEEvent, KaVE.Commons]]","methods":[{"name":"KaVE.Commons.Utils.Reflection.TypeExtensions`1[[T -\u003e KaVE.Commons.Model.Events.IDEEvent, KaVE.Commons]].GetPropertyName(System.Linq.Expressions.Expression`1[[TDelegate -\u003e d:[TResult] [System.Func`2[[T -\u003e T],[TResult -\u003e TProperty]], mscorlib, 4.0.0.0].([T] arg)]] expression)","type":"SIMPLE","count":6}]}]}