{"collections":[{"fullName":"KaVE.Commons.Model.Names.CSharp.TypeName","methods":[{"name":"KaVE.Commons.Model.Names.CSharp.TypeName.UnknownName","type":"PROP","count":58},{"name":"KaVE.Commons.Model.Names.CSharp.TypeName.Get(System.String identifier)","type":"SIMPLE","count":632},{"name":"KaVE.Commons.Model.Names.CSharp.TypeName.RawFullName","type":"PROP","count":10},{"name":"(KaVE.Commons.Model.Names.CSharp.TypeName) object","type":"CAST","count":2},{"name":"KaVE.Commons.Model.Names.CSharp.TypeName.Namespace","type":"PROP","count":2},{"name":"KaVE.Commons.Model.Names.CSharp.TypeName(System.String identifier)","type":"CTOR","count":14},{"name":"KaVE.Commons.Model.Names.CSharp.TypeName.FullName","type":"PROP","count":12},{"name":"KaVE.Commons.Model.Names.CSharp.TypeName.FixLegacyNameFormat(System.String identifier)","type":"SIMPLE","count":2},{"name":"KaVE.Commons.Model.Names.CSharp.TypeName.GetLengthOfTypeName(System.String identifier)","type":"SIMPLE","count":4},{"name":"KaVE.Commons.Model.Names.CSharp.TypeName.HasTypeParameters","type":"PROP","count":6},{"name":"KaVE.Commons.Model.Names.CSharp.TypeName.IsNestedType","type":"PROP","count":2},{"name":"KaVE.Commons.Model.Names.CSharp.TypeName.TakeUntilChar(System.String fullName, System.Char[] stopChars)","type":"SIMPLE","count":2},{"name":"KaVE.Commons.Model.Names.CSharp.TypeName.TypeParameters","type":"PROP","count":2},{"name":"KaVE.Commons.Model.Names.CSharp.TypeName.Assembly","type":"PROP","count":2},{"name":"KaVE.Commons.Model.Names.CSharp.TypeName.IsStructType","type":"PROP","count":2},{"name":"KaVE.Commons.Model.Names.CSharp.TypeName.IsEnumType","type":"PROP","count":2},{"name":"KaVE.Commons.Model.Names.CSharp.TypeName.IsVoidType","type":"PROP","count":2},{"name":"KaVE.Commons.Model.Names.CSharp.TypeName.IsClassType","type":"PROP","count":2},{"name":"KaVE.Commons.Model.Names.CSharp.TypeName.IsInterfaceType","type":"PROP","count":4},{"name":"KaVE.Commons.Model.Names.CSharp.TypeName.IsArrayType","type":"PROP","count":4},{"name":"KaVE.Commons.Model.Names.CSharp.TypeName.IsDelegateType","type":"PROP","count":4},{"name":"KaVE.Commons.Model.Names.CSharp.TypeName.IsValueType","type":"PROP","count":2},{"name":"KaVE.Commons.Model.Names.CSharp.TypeName.IsUnknownType","type":"PROP","count":2},{"name":"KaVE.Commons.Model.Names.CSharp.TypeName.Get(System.String identifier, System.Object[] args)","type":"SIMPLE","count":2}]}]}