{"collections":[{"fullName":"KaVE.Commons.Model.Names.CSharp.TypeParameterName","methods":[{"name":"KaVE.Commons.Model.Names.CSharp.TypeParameterName.Get(System.String typeParameterShortName, System.String actualTypeIdentifier)","type":"SIMPLE","count":4},{"name":"(KaVE.Commons.Model.Names.CSharp.TypeParameterName) object","type":"CAST","count":2},{"name":"KaVE.Commons.Model.Names.CSharp.TypeParameterName.IsTypeParameterIdentifier(System.String identifier)","type":"SIMPLE","count":2},{"name":"KaVE.Commons.Model.Names.CSharp.TypeParameterName(System.String identifier)","type":"CTOR","count":2},{"name":"KaVE.Commons.Model.Names.CSharp.TypeParameterName.Get(System.String identifier)","type":"SIMPLE","count":4},{"name":"KaVE.Commons.Model.Names.CSharp.TypeParameterName.IsFreeTypeParameterIdentifier(System.String identifier)","type":"SIMPLE","count":2},{"name":"KaVE.Commons.Model.Names.CSharp.TypeParameterName.IsBoundTypeParameterIdentifier(System.String identifier)","type":"SIMPLE","count":2},{"name":"KaVE.Commons.Model.Names.CSharp.TypeParameterName.TypeParameterShortName","type":"PROP","count":4},{"name":"KaVE.Commons.Model.Names.CSharp.TypeParameterName.TypeParameterType","type":"PROP","count":44}]}]}