{"collections":[{"fullName":"KaVE.Commons.Model.TypeShapes.TypeHierarchy","methods":[{"name":"KaVE.Commons.Model.TypeShapes.TypeHierarchy(System.String elementQualifiedName)","type":"CTOR","count":24},{"name":"KaVE.Commons.Model.TypeShapes.TypeHierarchy.Implements","type":"PROP","count":38},{"name":"KaVE.Commons.Model.TypeShapes.TypeHierarchy.Extends","type":"PROP","count":50},{"name":"KaVE.Commons.Model.TypeShapes.TypeHierarchy()","type":"CTOR","count":128},{"name":"KaVE.Commons.Model.TypeShapes.TypeHierarchy.Element","type":"PROP","count":106},{"name":"KaVE.Commons.Model.TypeShapes.TypeHierarchy.HasSuperclass","type":"PROP","count":2},{"name":"KaVE.Commons.Model.TypeShapes.TypeHierarchy.IsImplementingInterfaces","type":"PROP","count":2},{"name":"KaVE.Commons.Model.TypeShapes.TypeHierarchy.GetHashCode()","type":"SIMPLE","count":28}]}]}