{"collections":[{"fullName":"KaVE.Commons.Model.SSTs.Impl.Expressions.Assignable.UnaryExpression","methods":[{"name":"KaVE.Commons.Model.SSTs.Impl.Expressions.Assignable.UnaryExpression()","type":"CTOR","count":54},{"name":"KaVE.Commons.Model.SSTs.Impl.Expressions.Assignable.UnaryExpression.Operator","type":"PROP","count":32},{"name":"KaVE.Commons.Model.SSTs.Impl.Expressions.Assignable.UnaryExpression.Operand","type":"PROP","count":36},{"name":"KaVE.Commons.Model.SSTs.Impl.Expressions.Assignable.UnaryExpression.GetHashCode()","type":"SIMPLE","count":20}]}]}