{"collections":[{"fullName":"KaVE.Commons.Utils.ObjectUsageExport.UsageContext","methods":[{"name":"KaVE.Commons.Utils.ObjectUsageExport.UsageContext.EnterNewScope()","type":"SIMPLE","count":10},{"name":"KaVE.Commons.Utils.ObjectUsageExport.UsageContext.DefineVariable(System.String id, KaVE.Commons.Model.Names.ITypeName type, KaVE.Commons.Model.ObjectUsage.DefinitionSite defSite)","type":"SIMPLE","count":38},{"name":"KaVE.Commons.Utils.ObjectUsageExport.UsageContext.LeaveCurrentScope()","type":"SIMPLE","count":8},{"name":"KaVE.Commons.Utils.ObjectUsageExport.UsageContext.RegisterDefinition(System.String id, KaVE.Commons.Model.ObjectUsage.DefinitionSite defSite)","type":"SIMPLE","count":4},{"name":"KaVE.Commons.Utils.ObjectUsageExport.UsageContext.EnterNewLambdaScope()","type":"SIMPLE","count":8},{"name":"KaVE.Commons.Utils.ObjectUsageExport.UsageContext.RegisterCallsite(System.String id, KaVE.Commons.Model.Names.IMethodName callsite)","type":"SIMPLE","count":22},{"name":"KaVE.Commons.Utils.ObjectUsageExport.UsageContext.NameResolver","type":"PROP","count":44},{"name":"KaVE.Commons.Utils.ObjectUsageExport.UsageContext.TargetType","type":"PROP","count":6},{"name":"KaVE.Commons.Utils.ObjectUsageExport.UsageContext()","type":"CTOR","count":16},{"name":"KaVE.Commons.Utils.ObjectUsageExport.UsageContext.Enclosings","type":"PROP","count":44},{"name":"KaVE.Commons.Utils.ObjectUsageExport.UsageContext.AllQueries","type":"PROP","count":10},{"name":"KaVE.Commons.Utils.ObjectUsageExport.UsageContext.AddLambda(KaVE.Commons.Model.Names.ITypeName type)","type":"SIMPLE","count":2},{"name":"KaVE.Commons.Utils.ObjectUsageExport.UsageContext.AddLambda(KaVE.Commons.Model.Names.IMethodName method)","type":"SIMPLE","count":2},{"name":"KaVE.Commons.Utils.ObjectUsageExport.UsageContext.DefineVariable(System.String id, KaVE.Commons.Model.ObjectUsage.CoReTypeName type, KaVE.Commons.Model.ObjectUsage.DefinitionSite defSite)","type":"SIMPLE","count":4},{"name":"KaVE.Commons.Utils.ObjectUsageExport.UsageContext.NewQueryFor(KaVE.Commons.Model.ObjectUsage.CoReTypeName type, KaVE.Commons.Model.ObjectUsage.DefinitionSite defSite)","type":"SIMPLE","count":4}]}]}