{"collections":[{"fullName":"KaVE.Commons.Utils.ObjectUsageExport.UsageExtractor","methods":[{"name":"KaVE.Commons.Utils.ObjectUsageExport.UsageExtractor()","type":"CTOR","count":8},{"name":"KaVE.Commons.Utils.ObjectUsageExport.UsageExtractor.Export(KaVE.Commons.Model.Events.CompletionEvents.Context ctx)","type":"SIMPLE","count":14},{"name":"KaVE.Commons.Utils.ObjectUsageExport.UsageExtractor.Extract(KaVE.Commons.Model.SSTs.ISST sst)","type":"SIMPLE","count":4},{"name":"KaVE.Commons.Utils.ObjectUsageExport.UsageExtractor.RewriteContexts(System.Collections.Generic.IEnumerable`1[[T -\u003e KaVE.Commons.Model.ObjectUsage.Query, KaVE.Commons]] queries, KaVE.Commons.Model.TypeShapes.ITypeShape typeShape)","type":"SIMPLE","count":4},{"name":"KaVE.Commons.Utils.ObjectUsageExport.UsageExtractor.RewriteThisType(System.Collections.Generic.IEnumerable`1[[T -\u003e KaVE.Commons.Model.ObjectUsage.Query, KaVE.Commons]] queries, KaVE.Commons.Model.TypeShapes.ITypeShape typeShape)","type":"SIMPLE","count":4},{"name":"KaVE.Commons.Utils.ObjectUsageExport.UsageExtractor.AddDefaultQueries(KaVE.Commons.Model.SSTs.ISST sst, KaVE.Commons.Utils.ObjectUsageExport.UsageContext context)","type":"SIMPLE","count":2},{"name":"KaVE.Commons.Utils.ObjectUsageExport.UsageExtractor.Extract(KaVE.Commons.Model.SSTs.Declarations.IMethodDeclaration methodDecl, KaVE.Commons.Utils.ObjectUsageExport.UsageContext context)","type":"SIMPLE","count":2},{"name":"KaVE.Commons.Utils.ObjectUsageExport.UsageExtractor.ProcessMethodBody(KaVE.Commons.Model.SSTs.Declarations.IMethodDeclaration methodDecl, KaVE.Commons.Utils.ObjectUsageExport.UsageContext context)","type":"SIMPLE","count":4},{"name":"KaVE.Commons.Utils.ObjectUsageExport.UsageExtractor.GetClassContext(KaVE.Commons.Model.ObjectUsage.CoReTypeName classCtx, KaVE.Commons.Model.TypeShapes.ITypeHierarchy typeHierarchy)","type":"SIMPLE","count":2},{"name":"KaVE.Commons.Utils.ObjectUsageExport.UsageExtractor.GetMethodContext(KaVE.Commons.Model.ObjectUsage.CoReMethodName method, System.Collections.Generic.IEnumerable`1[[T -\u003e i:KaVE.Commons.Model.TypeShapes.IMethodHierarchy, KaVE.Commons]] hierarchies)","type":"SIMPLE","count":2},{"name":"KaVE.Commons.Utils.ObjectUsageExport.UsageExtractor.IsLambdaContext(KaVE.Commons.Model.ObjectUsage.CoReName cName)","type":"SIMPLE","count":6}]}]}