{"collections":[{"fullName":"KaVE.Commons.Model.Events.UserProfiles.UserProfileEvent","methods":[{"name":"(KaVE.Commons.Model.Events.UserProfiles.UserProfileEvent) object","type":"CAST","count":4},{"name":"KaVE.Commons.Model.Events.UserProfiles.UserProfileEvent.ProfileId","type":"PROP","count":24},{"name":"KaVE.Commons.Model.Events.UserProfiles.UserProfileEvent()","type":"CTOR","count":130},{"name":"KaVE.Commons.Model.Events.UserProfiles.UserProfileEvent.Education","type":"PROP","count":18},{"name":"KaVE.Commons.Model.Events.UserProfiles.UserProfileEvent.Position","type":"PROP","count":18},{"name":"KaVE.Commons.Model.Events.UserProfiles.UserProfileEvent.ProjectsCourses","type":"PROP","count":18},{"name":"KaVE.Commons.Model.Events.UserProfiles.UserProfileEvent.ProjectsPersonal","type":"PROP","count":18},{"name":"KaVE.Commons.Model.Events.UserProfiles.UserProfileEvent.ProjectsSharedSmall","type":"PROP","count":18},{"name":"KaVE.Commons.Model.Events.UserProfiles.UserProfileEvent.ProjectsSharedMedium","type":"PROP","count":18},{"name":"KaVE.Commons.Model.Events.UserProfiles.UserProfileEvent.ProjectsSharedLarge","type":"PROP","count":18},{"name":"KaVE.Commons.Model.Events.UserProfiles.UserProfileEvent.TeamsSolo","type":"PROP","count":18},{"name":"KaVE.Commons.Model.Events.UserProfiles.UserProfileEvent.TeamsSmall","type":"PROP","count":18},{"name":"KaVE.Commons.Model.Events.UserProfiles.UserProfileEvent.TeamsMedium","type":"PROP","count":18},{"name":"KaVE.Commons.Model.Events.UserProfiles.UserProfileEvent.TeamsLarge","type":"PROP","count":18},{"name":"KaVE.Commons.Model.Events.UserProfiles.UserProfileEvent.CodeReviews","type":"PROP","count":18},{"name":"KaVE.Commons.Model.Events.UserProfiles.UserProfileEvent.ProgrammingGeneral","type":"PROP","count":18},{"name":"KaVE.Commons.Model.Events.UserProfiles.UserProfileEvent.ProgrammingCSharp","type":"PROP","count":18},{"name":"KaVE.Commons.Model.Events.UserProfiles.UserProfileEvent.Comment","type":"PROP","count":18},{"name":"KaVE.Commons.Model.Events.UserProfiles.UserProfileEvent.GetHashCode()","type":"SIMPLE","count":76}]}]}