{"collections":[{"fullName":"KaVE.Commons.Model.SSTs.Impl.Statements.VariableDeclaration","methods":[{"name":"KaVE.Commons.Model.SSTs.Impl.Statements.VariableDeclaration()","type":"CTOR","count":96},{"name":"KaVE.Commons.Model.SSTs.Impl.Statements.VariableDeclaration.Reference","type":"PROP","count":68},{"name":"KaVE.Commons.Model.SSTs.Impl.Statements.VariableDeclaration.Type","type":"PROP","count":50},{"name":"KaVE.Commons.Model.SSTs.Impl.Statements.VariableDeclaration.GetHashCode()","type":"SIMPLE","count":20}]}]}