{"collections":[{"fullName":"KaVE.Commons.Model.SSTs.Impl.References.VariableReference","methods":[{"name":"KaVE.Commons.Model.SSTs.Impl.References.VariableReference()","type":"CTOR","count":332},{"name":"KaVE.Commons.Model.SSTs.Impl.References.VariableReference.Identifier","type":"PROP","count":216},{"name":"KaVE.Commons.Model.SSTs.Impl.References.VariableReference.GetHashCode()","type":"SIMPLE","count":16},{"name":"KaVE.Commons.Model.SSTs.Impl.References.VariableReference.ToString()","type":"SIMPLE","count":2}]}]}