{"collections":[{"fullName":"KaVE.Commons.Model.Events.VersionControlEvents.VersionControlEvent","methods":[{"name":"KaVE.Commons.Model.Events.VersionControlEvents.VersionControlEvent.Solution","type":"PROP","count":14},{"name":"KaVE.Commons.Model.Events.VersionControlEvents.VersionControlEvent.Actions","type":"PROP","count":16},{"name":"KaVE.Commons.Model.Events.VersionControlEvents.VersionControlEvent()","type":"CTOR","count":18},{"name":"KaVE.Commons.Model.Events.VersionControlEvents.VersionControlEvent.GetHashCode()","type":"SIMPLE","count":12}]}]}