{"collections":[{"fullName":"KaVE.Commons.Model.Events.VersionControlEvents.VersionControlAction","methods":[{"name":"KaVE.Commons.Model.Events.VersionControlEvents.VersionControlAction()","type":"CTOR","count":42},{"name":"KaVE.Commons.Model.Events.VersionControlEvents.VersionControlAction.ActionType","type":"PROP","count":34},{"name":"KaVE.Commons.Model.Events.VersionControlEvents.VersionControlAction.ExecutedAt","type":"PROP","count":34},{"name":"KaVE.Commons.Model.Events.VersionControlEvents.VersionControlAction.GetHashCode()","type":"SIMPLE","count":16}]}]}