{"collections":[{"fullName":"KaVE.Commons.Utils.WeakReference`1[[TRef -\u003e System.Windows.Controls.Button, PresentationFramework, 4.0.0.0]]","methods":[{"name":"KaVE.Commons.Utils.WeakReference`1[[TRef -\u003e System.Windows.Controls.Button, PresentationFramework, 4.0.0.0]](TRef reference, System.Boolean trackResurrection)","type":"CTOR","count":2}]},{"fullName":"KaVE.Commons.Utils.WeakReference`1[[TRef -\u003e TName]]","methods":[{"name":"KaVE.Commons.Utils.WeakReference`1[[TRef -\u003e TName]].IsAlive()","type":"SIMPLE","count":4},{"name":"KaVE.Commons.Utils.WeakReference`1[[TRef -\u003e TName]](TRef reference, System.Boolean trackResurrection)","type":"CTOR","count":2}]},{"fullName":"KaVE.Commons.Utils.WeakReference`1[[TRef]]","methods":[{"name":"KaVE.Commons.Utils.WeakReference`1[[TRef]].Target","type":"PROP","count":6},{"name":"KaVE.Commons.Utils.WeakReference`1[[TRef]].IsAlive()","type":"SIMPLE","count":4}]},{"fullName":"KaVE.Commons.Utils.WeakReference`1[[TRef -\u003e TRef]]","methods":[{"name":"KaVE.Commons.Utils.WeakReference`1[[TRef -\u003e TRef]].IsAlive()","type":"SIMPLE","count":2}]},{"fullName":"KaVE.Commons.Utils.WeakReference`1[[TRef -\u003e p:object]]","methods":[{"name":"KaVE.Commons.Utils.WeakReference`1[[TRef -\u003e p:object]](TRef reference, System.Boolean trackResurrection)","type":"CTOR","count":6},{"name":"KaVE.Commons.Utils.WeakReference`1[[TRef -\u003e p:object]].IsAlive()","type":"SIMPLE","count":4},{"name":"KaVE.Commons.Utils.WeakReference`1[[TRef -\u003e p:object]].GetHashCode()","type":"SIMPLE","count":8}]}]}