{"collections":[{"fullName":"KaVE.Commons.Utils.Collections.WeakNameCache`1[[TName -\u003e KaVE.Commons.Model.Names.CSharp.LambdaName, KaVE.Commons]]","methods":[{"name":"KaVE.Commons.Utils.Collections.WeakNameCache`1[[TName -\u003e KaVE.Commons.Model.Names.CSharp.LambdaName, KaVE.Commons]].Get(KaVE.Commons.Utils.Collections.WeakNameCache`1[[TName]]+NameFactory factory)","type":"SIMPLE","count":2},{"name":"KaVE.Commons.Utils.Collections.WeakNameCache`1[[TName -\u003e KaVE.Commons.Model.Names.CSharp.LambdaName, KaVE.Commons]].GetOrCreate(System.String identifier)","type":"SIMPLE","count":2}]},{"fullName":"KaVE.Commons.Utils.Collections.WeakNameCache`1[[TName -\u003e KaVE.Commons.Model.Names.CSharp.AliasName, KaVE.Commons]]","methods":[{"name":"KaVE.Commons.Utils.Collections.WeakNameCache`1[[TName -\u003e KaVE.Commons.Model.Names.CSharp.AliasName, KaVE.Commons]].Get(KaVE.Commons.Utils.Collections.WeakNameCache`1[[TName]]+NameFactory factory)","type":"SIMPLE","count":2},{"name":"KaVE.Commons.Utils.Collections.WeakNameCache`1[[TName -\u003e KaVE.Commons.Model.Names.CSharp.AliasName, KaVE.Commons]].GetOrCreate(System.String identifier)","type":"SIMPLE","count":2}]},{"fullName":"KaVE.Commons.Utils.Collections.WeakNameCache`1[[TName -\u003e KaVE.Commons.Model.Names.CSharp.AssemblyName, KaVE.Commons]]","methods":[{"name":"KaVE.Commons.Utils.Collections.WeakNameCache`1[[TName -\u003e KaVE.Commons.Model.Names.CSharp.AssemblyName, KaVE.Commons]].Get(KaVE.Commons.Utils.Collections.WeakNameCache`1[[TName]]+NameFactory factory)","type":"SIMPLE","count":2},{"name":"KaVE.Commons.Utils.Collections.WeakNameCache`1[[TName -\u003e KaVE.Commons.Model.Names.CSharp.AssemblyName, KaVE.Commons]].GetOrCreate(System.String identifier)","type":"SIMPLE","count":2}]},{"fullName":"KaVE.Commons.Utils.Collections.WeakNameCache`1[[TName -\u003e KaVE.Commons.Model.Names.CSharp.AssemblyVersion, KaVE.Commons]]","methods":[{"name":"KaVE.Commons.Utils.Collections.WeakNameCache`1[[TName -\u003e KaVE.Commons.Model.Names.CSharp.AssemblyVersion, KaVE.Commons]].Get(KaVE.Commons.Utils.Collections.WeakNameCache`1[[TName]]+NameFactory factory)","type":"SIMPLE","count":2},{"name":"KaVE.Commons.Utils.Collections.WeakNameCache`1[[TName -\u003e KaVE.Commons.Model.Names.CSharp.AssemblyVersion, KaVE.Commons]].GetOrCreate(System.String identifier)","type":"SIMPLE","count":2}]},{"fullName":"KaVE.Commons.Utils.Collections.WeakNameCache`1[[TName -\u003e KaVE.Commons.Model.Names.CSharp.EventName, KaVE.Commons]]","methods":[{"name":"KaVE.Commons.Utils.Collections.WeakNameCache`1[[TName -\u003e KaVE.Commons.Model.Names.CSharp.EventName, KaVE.Commons]].Get(KaVE.Commons.Utils.Collections.WeakNameCache`1[[TName]]+NameFactory factory)","type":"SIMPLE","count":2},{"name":"KaVE.Commons.Utils.Collections.WeakNameCache`1[[TName -\u003e KaVE.Commons.Model.Names.CSharp.EventName, KaVE.Commons]].GetOrCreate(System.String identifier)","type":"SIMPLE","count":2}]},{"fullName":"KaVE.Commons.Utils.Collections.WeakNameCache`1[[TName -\u003e KaVE.Commons.Model.Names.CSharp.FieldName, KaVE.Commons]]","methods":[{"name":"KaVE.Commons.Utils.Collections.WeakNameCache`1[[TName -\u003e KaVE.Commons.Model.Names.CSharp.FieldName, KaVE.Commons]].Get(KaVE.Commons.Utils.Collections.WeakNameCache`1[[TName]]+NameFactory factory)","type":"SIMPLE","count":2},{"name":"KaVE.Commons.Utils.Collections.WeakNameCache`1[[TName -\u003e KaVE.Commons.Model.Names.CSharp.FieldName, KaVE.Commons]].GetOrCreate(System.String identifier)","type":"SIMPLE","count":2}]},{"fullName":"KaVE.Commons.Utils.Collections.WeakNameCache`1[[TName -\u003e KaVE.Commons.Model.Names.CSharp.LocalVariableName, KaVE.Commons]]","methods":[{"name":"KaVE.Commons.Utils.Collections.WeakNameCache`1[[TName -\u003e KaVE.Commons.Model.Names.CSharp.LocalVariableName, KaVE.Commons]].Get(KaVE.Commons.Utils.Collections.WeakNameCache`1[[TName]]+NameFactory factory)","type":"SIMPLE","count":2},{"name":"KaVE.Commons.Utils.Collections.WeakNameCache`1[[TName -\u003e KaVE.Commons.Model.Names.CSharp.LocalVariableName, KaVE.Commons]].GetOrCreate(System.String identifier)","type":"SIMPLE","count":2}]},{"fullName":"KaVE.Commons.Utils.Collections.WeakNameCache`1[[TName -\u003e KaVE.Commons.Model.Names.CSharp.MethodName, KaVE.Commons]]","methods":[{"name":"KaVE.Commons.Utils.Collections.WeakNameCache`1[[TName -\u003e KaVE.Commons.Model.Names.CSharp.MethodName, KaVE.Commons]].Get(KaVE.Commons.Utils.Collections.WeakNameCache`1[[TName]]+NameFactory factory)","type":"SIMPLE","count":2},{"name":"KaVE.Commons.Utils.Collections.WeakNameCache`1[[TName -\u003e KaVE.Commons.Model.Names.CSharp.MethodName, KaVE.Commons]].GetOrCreate(System.String identifier)","type":"SIMPLE","count":2}]},{"fullName":"KaVE.Commons.Utils.Collections.WeakNameCache`1[[TName -\u003e KaVE.Commons.Model.Names.CSharp.Name, KaVE.Commons]]","methods":[{"name":"KaVE.Commons.Utils.Collections.WeakNameCache`1[[TName -\u003e KaVE.Commons.Model.Names.CSharp.Name, KaVE.Commons]].Get(KaVE.Commons.Utils.Collections.WeakNameCache`1[[TName]]+NameFactory factory)","type":"SIMPLE","count":2},{"name":"KaVE.Commons.Utils.Collections.WeakNameCache`1[[TName -\u003e KaVE.Commons.Model.Names.CSharp.Name, KaVE.Commons]].GetOrCreate(System.String identifier)","type":"SIMPLE","count":2}]},{"fullName":"KaVE.Commons.Utils.Collections.WeakNameCache`1[[TName -\u003e KaVE.Commons.Model.Names.CSharp.NamespaceName, KaVE.Commons]]","methods":[{"name":"KaVE.Commons.Utils.Collections.WeakNameCache`1[[TName -\u003e KaVE.Commons.Model.Names.CSharp.NamespaceName, KaVE.Commons]].Get(KaVE.Commons.Utils.Collections.WeakNameCache`1[[TName]]+NameFactory factory)","type":"SIMPLE","count":2},{"name":"KaVE.Commons.Utils.Collections.WeakNameCache`1[[TName -\u003e KaVE.Commons.Model.Names.CSharp.NamespaceName, KaVE.Commons]].GetOrCreate(System.String identifier)","type":"SIMPLE","count":2}]},{"fullName":"KaVE.Commons.Utils.Collections.WeakNameCache`1[[TName -\u003e KaVE.Commons.Model.Names.CSharp.ParameterName, KaVE.Commons]]","methods":[{"name":"KaVE.Commons.Utils.Collections.WeakNameCache`1[[TName -\u003e KaVE.Commons.Model.Names.CSharp.ParameterName, KaVE.Commons]].Get(KaVE.Commons.Utils.Collections.WeakNameCache`1[[TName]]+NameFactory factory)","type":"SIMPLE","count":2},{"name":"KaVE.Commons.Utils.Collections.WeakNameCache`1[[TName -\u003e KaVE.Commons.Model.Names.CSharp.ParameterName, KaVE.Commons]].GetOrCreate(System.String identifier)","type":"SIMPLE","count":2}]},{"fullName":"KaVE.Commons.Utils.Collections.WeakNameCache`1[[TName -\u003e KaVE.Commons.Model.Names.CSharp.PropertyName, KaVE.Commons]]","methods":[{"name":"KaVE.Commons.Utils.Collections.WeakNameCache`1[[TName -\u003e KaVE.Commons.Model.Names.CSharp.PropertyName, KaVE.Commons]].Get(KaVE.Commons.Utils.Collections.WeakNameCache`1[[TName]]+NameFactory factory)","type":"SIMPLE","count":2},{"name":"KaVE.Commons.Utils.Collections.WeakNameCache`1[[TName -\u003e KaVE.Commons.Model.Names.CSharp.PropertyName, KaVE.Commons]].GetOrCreate(System.String identifier)","type":"SIMPLE","count":2}]},{"fullName":"KaVE.Commons.Utils.Collections.WeakNameCache`1[[TName -\u003e i:KaVE.Commons.Model.Names.ITypeName, KaVE.Commons]]","methods":[{"name":"KaVE.Commons.Utils.Collections.WeakNameCache`1[[TName -\u003e i:KaVE.Commons.Model.Names.ITypeName, KaVE.Commons]].Get(KaVE.Commons.Utils.Collections.WeakNameCache`1[[TName]]+NameFactory factory)","type":"SIMPLE","count":2},{"name":"KaVE.Commons.Utils.Collections.WeakNameCache`1[[TName -\u003e i:KaVE.Commons.Model.Names.ITypeName, KaVE.Commons]].GetOrCreate(System.String identifier)","type":"SIMPLE","count":2}]},{"fullName":"KaVE.Commons.Utils.Collections.WeakNameCache`1[[TName -\u003e KaVE.Commons.Model.Names.ReSharper.LiveTemplateName, KaVE.Commons]]","methods":[{"name":"KaVE.Commons.Utils.Collections.WeakNameCache`1[[TName -\u003e KaVE.Commons.Model.Names.ReSharper.LiveTemplateName, KaVE.Commons]].Get(KaVE.Commons.Utils.Collections.WeakNameCache`1[[TName]]+NameFactory factory)","type":"SIMPLE","count":2},{"name":"KaVE.Commons.Utils.Collections.WeakNameCache`1[[TName -\u003e KaVE.Commons.Model.Names.ReSharper.LiveTemplateName, KaVE.Commons]].GetOrCreate(System.String identifier)","type":"SIMPLE","count":2}]},{"fullName":"KaVE.Commons.Utils.Collections.WeakNameCache`1[[TName -\u003e KaVE.Commons.Model.Names.VisualStudio.CommandBarControlName, KaVE.Commons]]","methods":[{"name":"KaVE.Commons.Utils.Collections.WeakNameCache`1[[TName -\u003e KaVE.Commons.Model.Names.VisualStudio.CommandBarControlName, KaVE.Commons]].Get(KaVE.Commons.Utils.Collections.WeakNameCache`1[[TName]]+NameFactory factory)","type":"SIMPLE","count":2},{"name":"KaVE.Commons.Utils.Collections.WeakNameCache`1[[TName -\u003e KaVE.Commons.Model.Names.VisualStudio.CommandBarControlName, KaVE.Commons]].GetOrCreate(System.String identifier)","type":"SIMPLE","count":2}]},{"fullName":"KaVE.Commons.Utils.Collections.WeakNameCache`1[[TName -\u003e KaVE.Commons.Model.Names.VisualStudio.CommandName, KaVE.Commons]]","methods":[{"name":"KaVE.Commons.Utils.Collections.WeakNameCache`1[[TName -\u003e KaVE.Commons.Model.Names.VisualStudio.CommandName, KaVE.Commons]].Get(KaVE.Commons.Utils.Collections.WeakNameCache`1[[TName]]+NameFactory factory)","type":"SIMPLE","count":2},{"name":"KaVE.Commons.Utils.Collections.WeakNameCache`1[[TName -\u003e KaVE.Commons.Model.Names.VisualStudio.CommandName, KaVE.Commons]].GetOrCreate(System.String identifier)","type":"SIMPLE","count":2}]},{"fullName":"KaVE.Commons.Utils.Collections.WeakNameCache`1[[TName -\u003e KaVE.Commons.Model.Names.VisualStudio.DocumentName, KaVE.Commons]]","methods":[{"name":"KaVE.Commons.Utils.Collections.WeakNameCache`1[[TName -\u003e KaVE.Commons.Model.Names.VisualStudio.DocumentName, KaVE.Commons]].Get(KaVE.Commons.Utils.Collections.WeakNameCache`1[[TName]]+NameFactory factory)","type":"SIMPLE","count":2},{"name":"KaVE.Commons.Utils.Collections.WeakNameCache`1[[TName -\u003e KaVE.Commons.Model.Names.VisualStudio.DocumentName, KaVE.Commons]].GetOrCreate(System.String identifier)","type":"SIMPLE","count":2}]},{"fullName":"KaVE.Commons.Utils.Collections.WeakNameCache`1[[TName -\u003e KaVE.Commons.Model.Names.VisualStudio.ProjectItemName, KaVE.Commons]]","methods":[{"name":"KaVE.Commons.Utils.Collections.WeakNameCache`1[[TName -\u003e KaVE.Commons.Model.Names.VisualStudio.ProjectItemName, KaVE.Commons]].Get(KaVE.Commons.Utils.Collections.WeakNameCache`1[[TName]]+NameFactory factory)","type":"SIMPLE","count":2},{"name":"KaVE.Commons.Utils.Collections.WeakNameCache`1[[TName -\u003e KaVE.Commons.Model.Names.VisualStudio.ProjectItemName, KaVE.Commons]].GetOrCreate(System.String identifier)","type":"SIMPLE","count":2}]},{"fullName":"KaVE.Commons.Utils.Collections.WeakNameCache`1[[TName -\u003e KaVE.Commons.Model.Names.VisualStudio.ProjectName, KaVE.Commons]]","methods":[{"name":"KaVE.Commons.Utils.Collections.WeakNameCache`1[[TName -\u003e KaVE.Commons.Model.Names.VisualStudio.ProjectName, KaVE.Commons]].Get(KaVE.Commons.Utils.Collections.WeakNameCache`1[[TName]]+NameFactory factory)","type":"SIMPLE","count":2},{"name":"KaVE.Commons.Utils.Collections.WeakNameCache`1[[TName -\u003e KaVE.Commons.Model.Names.VisualStudio.ProjectName, KaVE.Commons]].GetOrCreate(System.String identifier)","type":"SIMPLE","count":2}]},{"fullName":"KaVE.Commons.Utils.Collections.WeakNameCache`1[[TName -\u003e KaVE.Commons.Model.Names.VisualStudio.SolutionName, KaVE.Commons]]","methods":[{"name":"KaVE.Commons.Utils.Collections.WeakNameCache`1[[TName -\u003e KaVE.Commons.Model.Names.VisualStudio.SolutionName, KaVE.Commons]].Get(KaVE.Commons.Utils.Collections.WeakNameCache`1[[TName]]+NameFactory factory)","type":"SIMPLE","count":2},{"name":"KaVE.Commons.Utils.Collections.WeakNameCache`1[[TName -\u003e KaVE.Commons.Model.Names.VisualStudio.SolutionName, KaVE.Commons]].GetOrCreate(System.String identifier)","type":"SIMPLE","count":2}]},{"fullName":"KaVE.Commons.Utils.Collections.WeakNameCache`1[[TName -\u003e KaVE.Commons.Model.Names.VisualStudio.WindowName, KaVE.Commons]]","methods":[{"name":"KaVE.Commons.Utils.Collections.WeakNameCache`1[[TName -\u003e KaVE.Commons.Model.Names.VisualStudio.WindowName, KaVE.Commons]].Get(KaVE.Commons.Utils.Collections.WeakNameCache`1[[TName]]+NameFactory factory)","type":"SIMPLE","count":2},{"name":"KaVE.Commons.Utils.Collections.WeakNameCache`1[[TName -\u003e KaVE.Commons.Model.Names.VisualStudio.WindowName, KaVE.Commons]].GetOrCreate(System.String identifier)","type":"SIMPLE","count":2}]},{"fullName":"KaVE.Commons.Utils.Collections.WeakNameCache`1[[TName -\u003e TName]]","methods":[{"name":"KaVE.Commons.Utils.Collections.WeakNameCache`1[[TName -\u003e TName]](KaVE.Commons.Utils.Collections.WeakNameCache`1[[TName]]+NameFactory factory)","type":"CTOR","count":2}]},{"fullName":"KaVE.Commons.Utils.Collections.WeakNameCache`1[[TName]]","methods":[{"name":"KaVE.Commons.Utils.Collections.WeakNameCache`1[[TName]].RunOccasionalMaintenance()","type":"SIMPLE","count":2},{"name":"KaVE.Commons.Utils.Collections.WeakNameCache`1[[TName]].RemoveKeysOfDeadValues()","type":"SIMPLE","count":2}]},{"fullName":"KaVE.Commons.Utils.Collections.WeakNameCache`1[[TName -\u003e KaVE.Commons.Tests.Utils.Collections.WeakNameCacheTest+TestName, KaVE.Commons.Tests]]","methods":[{"name":"KaVE.Commons.Utils.Collections.WeakNameCache`1[[TName -\u003e KaVE.Commons.Tests.Utils.Collections.WeakNameCacheTest+TestName, KaVE.Commons.Tests]].Get(KaVE.Commons.Utils.Collections.WeakNameCache`1[[TName]]+NameFactory factory)","type":"SIMPLE","count":2},{"name":"KaVE.Commons.Utils.Collections.WeakNameCache`1[[TName -\u003e KaVE.Commons.Tests.Utils.Collections.WeakNameCacheTest+TestName, KaVE.Commons.Tests]].GetOrCreate(System.String identifier)","type":"SIMPLE","count":20}]}]}