{"collections":[{"fullName":"KaVE.Commons.Model.Names.VisualStudio.WindowName","methods":[{"name":"KaVE.Commons.Model.Names.VisualStudio.WindowName.Get(System.String identifier)","type":"SIMPLE","count":96},{"name":"KaVE.Commons.Model.Names.VisualStudio.WindowName(System.String identifier)","type":"CTOR","count":2},{"name":"KaVE.Commons.Model.Names.VisualStudio.WindowName.Type","type":"PROP","count":4},{"name":"KaVE.Commons.Model.Names.VisualStudio.WindowName.Caption","type":"PROP","count":4}]}]}