{"collections":[{"fullName":"KaVE.Commons.Utils.IO.Archives.WritingArchive","methods":[{"name":"KaVE.Commons.Utils.IO.Archives.WritingArchive(System.String path)","type":"CTOR","count":28},{"name":"KaVE.Commons.Utils.IO.Archives.WritingArchive.AddAll(System.Collections.Generic.IEnumerable`1[[T -\u003e T]] entries)","type":"SIMPLE","count":8},{"name":"KaVE.Commons.Utils.IO.Archives.WritingArchive.Add(T obj)","type":"SIMPLE","count":16},{"name":"KaVE.Commons.Utils.IO.Archives.WritingArchive.Dispose()","type":"SIMPLE","count":4}]}]}