{"collections":[{"fullName":"KaVE.Commons.Utils.IO.Archives.ZipFolderLRUCache`1[[T -\u003e KaVE.Commons.Model.ObjectUsage.CoReTypeName, KaVE.Commons]]","methods":[{"name":"KaVE.Commons.Utils.IO.Archives.ZipFolderLRUCache`1[[T -\u003e KaVE.Commons.Model.ObjectUsage.CoReTypeName, KaVE.Commons]](System.String root, System.Int32 capacity)","type":"CTOR","count":4},{"name":"KaVE.Commons.Utils.IO.Archives.ZipFolderLRUCache`1[[T -\u003e KaVE.Commons.Model.ObjectUsage.CoReTypeName, KaVE.Commons]].GetArchive(T key)","type":"SIMPLE","count":4},{"name":"KaVE.Commons.Utils.IO.Archives.ZipFolderLRUCache`1[[T -\u003e KaVE.Commons.Model.ObjectUsage.CoReTypeName, KaVE.Commons]].Dispose()","type":"SIMPLE","count":2}]},{"fullName":"KaVE.Commons.Utils.IO.Archives.ZipFolderLRUCache`1[[T]]","methods":[{"name":"KaVE.Commons.Utils.IO.Archives.ZipFolderLRUCache`1[[T]].RefreshAccess(T key)","type":"SIMPLE","count":2},{"name":"KaVE.Commons.Utils.IO.Archives.ZipFolderLRUCache`1[[T]].GetFolder(T key)","type":"SIMPLE","count":2},{"name":"KaVE.Commons.Utils.IO.Archives.ZipFolderLRUCache`1[[T]].EnsureCapacityIsRespected()","type":"SIMPLE","count":2},{"name":"KaVE.Commons.Utils.IO.Archives.ZipFolderLRUCache`1[[T]].GetTargetFolder(T key)","type":"SIMPLE","count":2}]},{"fullName":"KaVE.Commons.Utils.IO.Archives.ZipFolderLRUCache`1[[T -\u003e p:string]]","methods":[{"name":"KaVE.Commons.Utils.IO.Archives.ZipFolderLRUCache`1[[T -\u003e p:string]](System.String root, System.Int32 capacity)","type":"CTOR","count":10},{"name":"KaVE.Commons.Utils.IO.Archives.ZipFolderLRUCache`1[[T -\u003e p:string]].IsCached(T key)","type":"SIMPLE","count":18},{"name":"KaVE.Commons.Utils.IO.Archives.ZipFolderLRUCache`1[[T -\u003e p:string]].GetArchive(T key)","type":"SIMPLE","count":46},{"name":"KaVE.Commons.Utils.IO.Archives.ZipFolderLRUCache`1[[T -\u003e p:string]].Dispose()","type":"SIMPLE","count":12}]},{"fullName":"KaVE.Commons.Utils.IO.Archives.ZipFolderLRUCache`1[[T -\u003e System.Collections.Generic.List`1[[T -\u003e p:string]], mscorlib, 4.0.0.0]]","methods":[{"name":"KaVE.Commons.Utils.IO.Archives.ZipFolderLRUCache`1[[T -\u003e System.Collections.Generic.List`1[[T -\u003e p:string]], mscorlib, 4.0.0.0]](System.String root, System.Int32 capacity)","type":"CTOR","count":2},{"name":"KaVE.Commons.Utils.IO.Archives.ZipFolderLRUCache`1[[T -\u003e System.Collections.Generic.List`1[[T -\u003e p:string]], mscorlib, 4.0.0.0]].GetArchive(T key)","type":"SIMPLE","count":2},{"name":"KaVE.Commons.Utils.IO.Archives.ZipFolderLRUCache`1[[T -\u003e System.Collections.Generic.List`1[[T -\u003e p:string]], mscorlib, 4.0.0.0]].Dispose()","type":"SIMPLE","count":2}]}]}