{"collections":[{"fullName":"KaVE.Commons.Utils.IO.Archives.ZipFolder","methods":[{"name":"KaVE.Commons.Utils.IO.Archives.ZipFolder.CreateMarker()","type":"SIMPLE","count":2},{"name":"KaVE.Commons.Utils.IO.Archives.ZipFolder.CreateNextUnusedFileName()","type":"SIMPLE","count":2},{"name":"KaVE.Commons.Utils.IO.Archives.ZipFolder.CreateNextFileName()","type":"SIMPLE","count":4},{"name":"KaVE.Commons.Utils.IO.Archives.ZipFolder.CreateNewArchive()","type":"SIMPLE","count":16},{"name":"KaVE.Commons.Utils.IO.Archives.ZipFolder(System.String root, System.String metaData)","type":"CTOR","count":10},{"name":"KaVE.Commons.Utils.IO.Archives.ZipFolder.NumArchives()","type":"SIMPLE","count":10},{"name":"KaVE.Commons.Utils.IO.Archives.ZipFolder.OpenAll()","type":"SIMPLE","count":2}]}]}